ID,From,To,Weight
1,1,235,0.288
2,1,158,0.382
3,2,846,0.176
4,2,990,0.181
5,2,138,0.202
6,2,967,0.247
7,2,563,0.299
8,3,471,0.338
9,3,200,0.461
10,3,602,0.492
11,3,397,0.53
12,3,909,0.597
13,4,268,0.31
14,5,469,0.166
15,5,994,0.428
16,5,581,0.571
17,6,444,0.139
18,6,113,0.184
19,6,682,0.289
20,6,37,0.462
21,7,498,0.172
22,7,781,0.265
23,7,80,0.455
24,7,351,0.471
25,8,872,0.575
26,8,796,0.594
27,8,442,0.597
28,9,298,0.151
29,9,792,0.228
30,9,514,0.353
31,9,454,0.521
32,9,456,0.529
33,10,379,0.242
34,10,378,0.326
35,11,258,0.398
36,12,883,0.089
37,12,929,0.265
38,12,979,0.307
39,13,288,0.206
40,13,723,0.389
41,13,44,0.625
42,13,885,0.744
43,13,59,0.76
44,14,761,0.17
45,14,117,0.331
46,14,179,0.372
47,15,480,0.08
48,15,85,0.278
49,15,955,0.331
50,15,233,0.383
51,15,474,0.426
52,16,286,0.314
53,16,28,0.392
54,16,799,0.409
55,16,440,0.57
56,17,236,0.358
57,17,431,0.432
58,17,378,0.471
59,17,123,0.583
60,17,10,0.592
61,18,555,0.333
62,18,551,0.342
63,18,708,0.351
64,18,98,0.371
65,18,998,0.397
66,19,775,0.283
67,19,674,0.289
68,19,419,0.424
69,19,280,0.442
70,20,721,0.09
71,20,938,0.327
72,20,337,0.573
73,21,676,0.272
74,21,897,0.413
75,21,105,0.426
76,22,261,0.279
77,22,735,0.375
78,22,916,0.586
79,22,884,0.586
80,22,848,0.88
81,23,726,0.15
82,23,324,0.287
83,23,730,0.294
84,24,951,0.785
85,24,988,0.959
86,24,520,1.058
87,24,25,1.21
88,25,520,0.173
89,25,988,0.409
90,25,600,0.571
91,26,121,0.916
92,26,243,0.941
93,26,845,0.987
94,27,301,0.313
95,27,506,0.441
96,27,468,0.535
97,27,263,0.561
98,27,345,0.575
99,28,16,0.392
100,28,371,0.42
101,28,286,0.611
102,28,799,0.662
103,28,270,0.738
104,29,205,0.516
105,29,380,0.642
106,29,844,0.648
107,30,497,0.239
108,30,396,0.397
109,31,139,0.461
110,31,873,0.578
111,32,420,0.283
112,33,965,0.141
113,34,548,0.302
114,35,935,0.349
115,35,258,0.42
116,36,394,0.262
117,36,627,0.305
118,36,274,0.315
119,36,312,0.337
120,37,487,0.259
121,37,113,0.295
122,37,444,0.391
123,37,6,0.462
124,38,380,0.333
125,38,302,0.334
126,39,354,0.351
127,39,1,0.416
128,40,161,0.307
129,40,648,0.443
130,40,557,0.485
131,40,459,0.575
132,41,428,0.124
133,42,130,0.305
134,42,569,0.382
135,42,582,0.409
136,42,531,0.417
137,43,746,0.014
138,43,624,0.554
139,44,885,0.252
140,45,265,0.136
141,45,436,0.249
142,46,440,0.129
143,46,933,0.187
144,46,262,0.579
145,46,324,0.585
146,46,564,0.601
147,47,958,0.446
148,48,439,0.306
149,49,770,0.362
150,50,314,0.165
151,50,343,0.303
152,50,794,0.442
153,51,30,0.414
154,51,497,0.532
155,52,195,0.219
156,52,999,0.319
157,52,796,0.364
158,52,584,0.376
159,53,736,0.301
160,53,798,0.318
161,53,840,0.594
162,53,879,0.605
163,54,400,0.308
164,54,166,0.468
165,55,510,0.264
166,55,4,0.322
167,55,663,0.436
168,55,195,0.484
169,55,52,0.502
170,56,847,0.513
171,56,163,0.547
172,56,581,0.68
173,56,994,0.746
174,57,554,0.127
175,57,731,0.369
176,57,917,0.529
177,57,935,0.534
178,57,613,0.591
179,58,942,0.409
180,58,248,0.414
181,58,576,0.479
182,59,550,0.172
183,59,723,0.391
184,60,84,0.203
185,60,973,0.447
186,60,527,0.629
187,61,678,0.268
188,61,522,0.273
189,61,350,0.306
190,61,111,0.359
191,61,739,0.564
192,62,620,0.07
193,62,505,0.197
194,63,698,0.097
195,63,928,0.154
196,63,849,0.308
197,63,182,0.337
198,63,457,0.37
199,64,325,0.279
200,64,918,0.281
201,64,806,0.366
202,64,310,0.418
203,65,386,0.21
204,65,385,0.354
205,65,243,0.361
206,66,420,0.518
207,67,868,0.173
208,67,316,0.335
209,67,722,0.454
210,67,465,0.491
211,68,880,0.243
212,68,695,0.262
213,68,318,0.297
214,69,94,0.28
215,69,826,0.394
216,70,565,0.444
217,70,640,0.462
218,70,954,0.515
219,70,800,0.601
220,71,427,0.167
221,71,283,0.487
222,71,365,0.579
223,72,343,0.58
224,72,794,0.609
225,73,587,0.397
226,73,326,0.451
227,73,381,0.547
228,74,705,0.168
229,74,659,0.245
230,75,490,0.171
231,76,207,0.156
232,76,947,0.339
233,76,223,0.509
234,77,320,0.256
235,77,908,0.268
236,78,576,0.335
237,78,942,0.526
238,78,241,0.654
239,78,494,0.657
240,79,395,0.434
241,79,889,0.535
242,80,866,0.223
243,80,137,0.328
244,80,229,0.408
245,80,7,0.455
246,81,482,0.165
247,81,727,0.477
248,81,972,0.579
249,81,267,0.595
250,81,830,0.648
251,82,978,0.212
252,82,699,0.226
253,82,271,0.292
254,82,118,0.355
255,82,438,0.416
256,83,774,0.365
257,83,140,0.367
258,83,858,0.381
259,84,60,0.203
260,84,973,0.413
261,84,527,0.544
262,85,15,0.278
263,85,480,0.3
264,85,955,0.412
265,86,667,0.284
266,87,502,0.163
267,87,290,0.289
268,87,221,0.358
269,87,212,0.468
270,87,333,0.47
271,88,251,0.243
272,88,259,0.364
273,88,352,0.462
274,89,34,0.303
275,90,306,0.305
276,90,209,0.378
277,90,671,0.475
278,91,693,0.298
279,91,647,0.361
280,91,906,0.472
281,92,243,0.645
282,92,615,0.735
283,92,386,0.748
284,93,187,0.498
285,93,449,0.551
286,93,543,0.616
287,94,69,0.28
288,95,637,0.469
289,96,710,0.301
290,96,405,0.339
291,97,802,0.235
292,97,282,0.42
293,98,335,0.213
294,98,904,0.303
295,98,555,0.349
296,98,998,0.371
297,99,869,0.073
298,99,252,0.368
299,100,412,0.135
300,100,476,0.194
301,101,372,0.258
302,101,201,0.384
303,102,452,0.18
304,102,300,0.228
305,102,795,0.507
306,103,863,0.218
307,103,586,0.294
308,103,762,0.439
309,104,532,0.068
310,104,284,0.151
311,104,120,0.182
312,104,983,0.434
313,104,675,0.519
314,105,897,0.095
315,105,676,0.166
316,105,856,0.394
317,105,21,0.426
318,106,630,0.055
319,106,227,0.074
320,106,185,0.145
321,107,426,0.167
322,107,357,0.2
323,107,732,0.291
324,108,803,0.456
325,109,949,0.263
326,110,843,0.161
327,110,766,0.256
328,110,375,0.263
329,111,61,0.359
330,111,678,0.534
331,111,522,0.591
332,111,350,0.645
333,112,308,0.216
334,112,758,0.324
335,112,169,0.371
336,112,679,0.535
337,113,444,0.1
338,113,6,0.184
339,114,355,0.103
340,115,389,0.285
341,115,597,0.384
342,116,145,0.256
343,117,761,0.234
344,117,179,0.264
345,118,978,0.154
346,118,82,0.355
347,118,699,0.42
348,118,923,0.444
349,119,545,0.435
350,119,982,0.455
351,119,957,0.523
352,120,284,0.038
353,120,104,0.182
354,120,532,0.227
355,120,675,0.354
356,121,405,0.481
357,121,710,0.5
358,121,488,0.596
359,122,870,0.112
360,122,425,0.14
361,122,778,0.206
362,122,462,0.471
363,122,750,0.49
364,123,170,0.451
365,123,236,0.462
366,123,673,0.465
367,123,116,0.48
368,124,609,0.611
369,125,922,0.296
370,125,733,0.463
371,125,366,0.539
372,125,380,0.596
373,125,29,0.664
374,126,570,0.11
375,126,603,0.358
376,126,760,0.41
377,127,450,0.128
378,127,610,0.266
379,127,174,0.499
380,127,911,0.527
381,127,180,0.556
382,128,186,0.12
383,128,694,0.353
384,128,545,0.468
385,128,982,0.527
386,128,990,0.651
387,129,479,0.117
388,130,531,0.152
389,130,582,0.227
390,130,142,0.296
391,131,202,0.234
392,131,566,0.357
393,131,682,0.416
394,131,134,0.425
395,132,732,0.057
396,132,738,0.317
397,132,107,0.333
398,132,357,0.363
399,133,217,0.324
400,133,213,0.41
401,133,326,0.461
402,134,682,0.392
403,134,566,0.416
404,134,131,0.425
405,135,364,0.06
406,135,841,0.089
407,135,136,0.423
408,135,257,0.487
409,135,222,0.522
410,136,257,0.113
411,136,222,0.261
412,136,700,0.314
413,136,841,0.396
414,136,135,0.423
415,137,229,0.102
416,137,866,0.223
417,138,563,0.161
418,138,2,0.202
419,139,665,0.429
420,139,31,0.461
421,139,801,0.473
422,139,317,0.49
423,140,774,0.179
424,140,476,0.319
425,141,353,0.103
426,141,533,0.173
427,141,30,0.549
428,141,818,0.589
429,141,975,0.701
430,142,614,0.199
431,143,401,0.116
432,143,144,0.433
433,144,143,0.433
434,144,401,0.51
435,144,196,0.794
436,144,797,0.796
437,144,608,0.88
438,145,116,0.256
439,145,886,0.431
440,145,492,0.45
441,145,170,0.536
442,146,441,0.27
443,146,253,0.334
444,146,332,0.654
445,146,511,0.682
446,146,754,0.757
447,147,518,0.07
448,147,559,0.557
449,147,762,0.573
450,148,684,0.47
451,148,789,0.544
452,148,818,0.664
453,148,210,0.814
454,148,32,0.93
455,149,756,0.122
456,149,637,0.306
457,150,900,0.428
458,150,370,0.465
459,150,299,0.485
460,150,39,0.587
461,151,230,0.138
462,151,405,0.262
463,152,553,0.192
464,152,724,0.49
465,152,625,0.555
466,152,463,0.667
467,152,931,0.685
468,153,852,0.247
469,154,333,0.149
470,154,502,0.484
471,154,87,0.485
472,154,290,0.58
473,155,494,0.146
474,155,709,0.208
475,155,965,0.677
476,156,909,0.713
477,156,159,0.72
478,156,602,0.845
479,156,988,0.884
480,156,397,0.955
481,157,277,0.153
482,157,776,0.214
483,158,361,0.097
484,158,1,0.382
485,159,909,0.103
486,159,602,0.139
487,159,471,0.294
488,159,397,0.562
489,159,3,0.632
490,160,438,0.212
491,161,40,0.307
492,161,648,0.314
493,161,354,0.446
494,162,904,0.516
495,162,501,0.632
496,163,780,0.328
497,163,279,0.358
498,164,741,0.257
499,165,936,0.152
500,165,604,0.235
501,166,956,0.343
502,166,54,0.468
503,167,540,0.224
504,167,382,0.281
505,167,489,0.412
506,168,932,0.224
507,168,927,0.413
508,169,308,0.352
509,169,112,0.371
510,169,431,0.385
511,170,641,0.089
512,170,409,0.178
513,170,890,0.182
514,170,116,0.284
515,171,891,0.241
516,171,281,0.349
517,171,444,0.405
518,171,113,0.41
519,172,857,0.085
520,173,643,0.163
521,173,442,0.203
522,173,997,0.275
523,174,610,0.235
524,174,609,0.37
525,174,450,0.371
526,175,544,0.29
527,175,888,0.34
528,175,924,0.403
529,175,919,0.432
530,176,208,0.13
531,176,766,0.219
532,176,375,0.283
533,177,478,0.215
534,177,782,0.229
535,177,117,0.602
536,177,115,0.632
537,177,14,0.709
538,178,194,0.273
539,179,761,0.203
540,179,117,0.264
541,179,786,0.304
542,179,14,0.372
543,180,911,0.388
544,180,127,0.556
545,180,297,0.559
546,181,223,0.2
547,181,392,0.318
548,181,373,0.417
549,181,76,0.536
550,182,849,0.03
551,182,657,0.253
552,182,698,0.322
553,183,493,0.182
554,184,390,0.387
555,184,800,0.395
556,184,464,0.485
557,185,630,0.09
558,185,106,0.145
559,185,507,0.21
560,185,227,0.218
561,186,128,0.12
562,186,694,0.248
563,187,93,0.498
564,187,449,0.562
565,187,677,0.611
566,188,646,0.099
567,188,862,0.316
568,188,211,0.48
569,188,481,0.644
570,188,644,0.774
571,189,165,0.371
572,190,218,0.208
573,190,336,0.21
574,190,588,0.282
575,191,89,0.342
576,191,835,0.356
577,191,129,0.375
578,192,686,0.088
579,193,749,0.125
580,194,178,0.273
581,194,753,0.8
582,195,999,0.119
583,195,52,0.219
584,195,643,0.249
585,196,797,0.004
586,196,608,0.122
587,196,473,0.777
588,197,382,0.505
589,198,574,0.226
590,198,74,0.269
591,199,368,0.127
592,199,254,0.29
593,200,3,0.461
594,201,101,0.384
595,201,484,0.399
596,201,372,0.426
597,201,765,0.55
598,201,228,0.609
599,202,131,0.234
600,203,929,0.141
601,203,883,0.263
602,203,153,0.272
603,203,12,0.348
604,203,979,0.379
605,204,654,0.159
606,204,833,0.224
607,204,629,0.243
608,204,473,0.522
609,204,569,0.58
610,205,466,0.409
611,205,380,0.511
612,205,29,0.516
613,205,599,0.689
614,205,38,0.737
615,206,213,0.63
616,206,217,0.681
617,206,578,0.824
618,206,558,0.897
619,206,848,0.972
620,207,76,0.156
621,208,766,0.114
622,208,176,0.13
623,208,375,0.155
624,208,843,0.204
625,209,690,0.226
626,209,980,0.345
627,209,90,0.378
628,209,566,0.579
629,209,306,0.682
630,210,352,0.337
631,210,684,0.45
632,210,32,0.469
633,211,862,0.164
634,211,188,0.48
635,211,646,0.555
636,211,688,0.593
637,212,221,0.201
638,213,217,0.28
639,213,133,0.41
640,214,803,0.298
641,214,745,0.423
642,214,753,0.586
643,215,302,0.12
644,215,225,0.314
645,216,656,0.145
646,216,692,0.512
647,217,213,0.28
648,217,133,0.324
649,217,955,0.64
650,217,326,0.659
651,218,588,0.074
652,218,190,0.208
653,218,336,0.384
654,218,34,0.47
655,219,250,0.198
656,219,240,0.26
657,219,985,0.275
658,219,895,0.507
659,220,899,0.267
660,220,94,0.397
661,220,496,0.546
662,220,649,0.577
663,220,755,0.606
664,221,212,0.201
665,221,87,0.358
666,221,502,0.408
667,222,700,0.105
668,222,136,0.261
669,223,392,0.147
670,224,844,0.163
671,224,739,0.549
672,225,215,0.314
673,225,302,0.348
674,225,590,0.439
675,225,492,0.547
676,226,192,0.195
677,226,686,0.225
678,226,683,0.274
679,227,106,0.074
680,227,630,0.128
681,227,185,0.218
682,227,912,0.242
683,228,484,0.216
684,228,233,0.346
685,229,137,0.102
686,229,866,0.325
687,229,963,0.363
688,229,80,0.408
689,230,151,0.138
690,231,879,0.489
691,231,736,0.491
692,231,242,0.503
693,232,138,0.426
694,232,817,0.466
695,232,2,0.471
696,232,990,0.574
697,232,563,0.58
698,233,228,0.346
699,233,955,0.356
700,234,35,0.513
701,234,11,0.524
702,234,794,0.612
703,234,258,0.676
704,234,343,0.716
705,235,1,0.288
706,235,864,0.435
707,235,193,0.497
708,235,39,0.504
709,235,669,0.59
710,236,673,0.267
711,236,17,0.358
712,236,378,0.438
713,236,123,0.462
714,237,901,0.2
715,237,840,0.646
716,237,923,0.67
717,237,896,0.711
718,237,118,0.721
719,238,515,0.279
720,238,577,0.517
721,238,79,0.741
722,239,950,0.168
723,240,895,0.247
724,240,219,0.26
725,241,379,0.153
726,242,879,0.182
727,243,386,0.174
728,243,65,0.361
729,244,809,0.225
730,244,655,0.31
731,245,939,0.081
732,245,594,0.353
733,245,595,0.522
734,245,463,0.837
735,245,601,0.89
736,246,616,0.264
737,246,341,0.479
738,246,309,0.629
739,247,946,0.094
740,247,486,0.651
741,247,724,0.681
742,248,701,0.385
743,248,538,0.386
744,248,58,0.414
745,249,925,0.352
746,249,938,0.621
747,249,278,0.66
748,249,270,0.682
749,250,219,0.198
750,250,240,0.321
751,251,88,0.243
752,251,653,0.353
753,252,869,0.295
754,252,99,0.368
755,252,255,0.501
756,252,466,0.52
757,252,399,0.529
758,253,441,0.074
759,253,146,0.334
760,253,511,0.43
761,253,754,0.44
762,253,493,0.598
763,254,655,0.07
764,255,399,0.099
765,255,252,0.501
766,256,528,0.203
767,257,136,0.113
768,258,935,0.332
769,258,282,0.355
770,258,11,0.398
771,259,88,0.364
772,259,777,0.396
773,259,927,0.41
774,259,251,0.449
775,260,958,0.314
776,261,22,0.279
777,261,735,0.486
778,262,564,0.024
779,262,23,0.519
780,263,301,0.312
781,264,572,0.159
782,265,45,0.136
783,265,436,0.385
784,266,422,0.331
785,267,482,0.46
786,268,4,0.31
787,268,340,0.38
788,268,510,0.555
789,269,981,0.327
790,269,842,0.447
791,270,278,0.027
792,270,925,0.547
793,270,564,0.567
794,270,262,0.583
795,271,699,0.115
796,271,82,0.292
797,271,978,0.386
798,272,953,0.319
799,272,902,0.443
800,272,877,0.536
801,272,164,0.561
802,272,411,0.685
803,273,711,0.349
804,274,312,0.045
805,274,394,0.193
806,274,319,0.272
807,274,36,0.315
808,274,907,0.366
809,275,628,0.149
810,275,641,0.389
811,275,605,0.422
812,276,756,0.276
813,277,157,0.153
814,277,776,0.177
815,278,270,0.027
816,278,925,0.536
817,278,564,0.588
818,278,938,0.598
819,278,262,0.605
820,279,289,0.313
821,280,419,0.112
822,281,891,0.113
823,282,258,0.355
824,282,731,0.376
825,282,935,0.412
826,282,97,0.42
827,282,57,0.642
828,283,365,0.27
829,283,427,0.368
830,284,120,0.038
831,284,104,0.151
832,284,532,0.19
833,284,675,0.373
834,284,983,0.579
835,285,717,0.189
836,285,358,0.425
837,285,43,0.601
838,285,746,0.615
839,285,624,0.671
840,286,799,0.106
841,287,686,0.264
842,287,192,0.35
843,287,226,0.408
844,287,591,0.495
845,287,400,0.506
846,288,13,0.206
847,288,44,0.463
848,288,723,0.593
849,288,885,0.633
850,289,279,0.313
851,289,163,0.499
852,289,976,0.513
853,289,780,0.611
854,290,502,0.137
855,290,87,0.289
856,290,212,0.398
857,290,221,0.426
858,290,154,0.58
859,291,966,0.077
860,291,740,0.412
861,291,915,0.452
862,292,825,0.253
863,292,903,0.417
864,292,371,0.667
865,292,875,0.674
866,293,776,0.409
867,293,277,0.414
868,293,503,0.485
869,293,737,0.523
870,294,426,0.505
871,294,461,0.512
872,294,771,0.56
873,295,827,0.166
874,296,627,0.459
875,296,907,0.511
876,296,394,0.621
877,296,36,0.751
878,296,108,0.804
879,297,837,0.127
880,297,517,0.195
881,297,914,0.217
882,297,995,0.313
883,298,9,0.151
884,298,792,0.288
885,298,514,0.36
886,299,669,0.214
887,299,749,0.285
888,299,193,0.343
889,299,150,0.485
890,299,39,0.525
891,300,452,0.07
892,300,102,0.228
893,300,518,0.568
894,300,147,0.622
895,300,755,0.631
896,301,468,0.245
897,301,263,0.312
898,302,215,0.12
899,302,38,0.334
900,302,225,0.348
901,303,619,0.192
902,303,346,0.335
903,304,834,0.1
904,304,618,0.278
905,304,574,0.419
906,305,751,0.13
907,305,707,0.275
908,305,434,0.659
909,306,671,0.18
910,306,90,0.305
911,306,805,0.383
912,306,934,0.503
913,306,962,0.527
914,307,377,0.3
915,307,974,0.42
916,308,112,0.216
917,308,169,0.352
918,308,431,0.387
919,308,758,0.532
920,308,17,0.663
921,309,341,0.153
922,309,568,0.256
923,309,12,0.421
924,310,64,0.418
925,310,937,0.522
926,310,500,0.539
927,311,888,0.16
928,311,836,0.397
929,311,573,0.415
930,311,175,0.438
931,311,691,0.666
932,312,274,0.045
933,312,319,0.227
934,312,394,0.238
935,312,36,0.337
936,312,418,0.385
937,313,892,0.137
938,313,591,0.301
939,313,226,0.546
940,313,986,0.613
941,313,363,0.7
942,314,50,0.165
943,315,963,0.395
944,315,229,0.432
945,315,137,0.528
946,315,542,0.573
947,315,948,0.703
948,316,722,0.253
949,316,67,0.335
950,316,321,0.354
951,317,865,0.218
952,317,665,0.288
953,317,322,0.458
954,317,801,0.484
955,317,139,0.49
956,318,68,0.297
957,319,312,0.227
958,320,77,0.256
959,321,722,0.105
960,321,316,0.354
961,321,548,0.407
962,321,952,0.451
963,322,865,0.27
964,322,665,0.271
965,322,317,0.458
966,322,139,0.695
967,323,687,0.227
968,323,720,0.38
969,323,830,0.432
970,324,726,0.137
971,324,944,0.251
972,324,23,0.287
973,325,64,0.279
974,325,918,0.326
975,326,587,0.269
976,327,914,0.193
977,328,433,0.173
978,328,752,0.217
979,329,911,0.315
980,329,811,0.392
981,329,297,0.517
982,329,914,0.534
983,330,875,0.053
984,331,568,0.347
985,332,146,0.654
986,332,183,0.772
987,332,441,0.805
988,332,253,0.819
989,332,511,0.83
990,333,154,0.149
991,333,87,0.47
992,334,898,0.054
993,334,267,0.569
994,334,85,0.627
995,334,523,0.63
996,335,555,0.195
997,335,98,0.213
998,336,190,0.21
999,336,513,0.328
1000,336,218,0.384
1001,337,451,0.111
1002,337,695,0.33
1003,337,880,0.356
1004,338,872,0.132
1005,338,432,0.236
1006,338,575,0.302
1007,339,658,0.254
1008,339,256,0.279
1009,340,268,0.38
1010,340,763,0.421
1011,340,526,0.449
1012,340,579,0.46
1013,341,309,0.153
1014,342,760,0.32
1015,342,713,0.546
1016,342,692,0.573
1017,342,819,0.585
1018,342,126,0.645
1019,343,794,0.139
1020,344,982,0.239
1021,344,821,0.458
1022,344,841,0.589
1023,345,467,0.281
1024,345,945,0.357
1025,345,428,0.4
1026,346,670,0.086
1027,346,795,0.219
1028,346,421,0.237
1029,346,619,0.309
1030,346,303,0.335
1031,347,479,0.203
1032,348,100,0.248
1033,349,612,0.393
1034,349,393,0.681
1035,350,522,0.077
1036,350,61,0.306
1037,350,569,0.389
1038,350,678,0.416
1039,351,318,0.304
1040,351,781,0.34
1041,351,498,0.342
1042,351,7,0.471
1043,352,210,0.337
1044,352,88,0.462
1045,353,141,0.103
1046,353,533,0.274
1047,353,30,0.464
1048,353,975,0.602
1049,354,39,0.351
1050,354,161,0.446
1051,354,158,0.473
1052,355,114,0.103
1053,355,882,0.472
1054,355,668,0.615
1055,355,66,0.624
1056,356,996,0.047
1057,356,651,0.41
1058,356,384,0.472
1059,356,718,0.484
1060,356,970,0.5
1061,357,107,0.2
1062,358,285,0.425
1063,358,624,0.426
1064,358,824,0.435
1065,358,529,0.438
1066,358,69,0.556
1067,359,956,0.289
1068,359,460,0.412
1069,360,607,0.247
1070,360,969,0.323
1071,360,110,0.41
1072,360,843,0.482
1073,361,158,0.097
1074,361,580,0.327
1075,362,556,0.034
1076,362,993,0.422
1077,363,597,0.279
1078,364,135,0.06
1079,364,841,0.146
1080,364,136,0.465
1081,364,991,0.495
1082,364,257,0.536
1083,365,283,0.27
1084,365,725,0.512
1085,365,427,0.531
1086,365,71,0.579
1087,366,215,0.372
1088,366,38,0.378
1089,366,380,0.397
1090,366,302,0.43
1091,367,455,0.626
1092,367,825,0.628
1093,367,903,0.648
1094,368,199,0.127
1095,368,254,0.353
1096,368,593,0.392
1097,368,734,0.397
1098,369,263,0.386
1099,370,900,0.048
1100,370,150,0.465
1101,370,807,0.51
1102,370,759,0.51
1103,370,773,0.531
1104,371,28,0.42
1105,371,330,0.448
1106,372,101,0.258
1107,372,201,0.426
1108,372,765,0.437
1109,373,964,0.181
1110,374,986,0.44
1111,374,567,0.568
1112,374,903,0.594
1113,374,287,0.663
1114,374,825,0.7
1115,375,843,0.108
1116,375,766,0.149
1117,375,208,0.155
1118,375,969,0.253
1119,375,110,0.263
1120,376,255,0.541
1121,376,38,0.556
1122,377,307,0.3
1123,377,974,0.45
1124,377,800,0.487
1125,378,10,0.326
1126,378,236,0.438
1127,379,241,0.153
1128,379,10,0.242
1129,379,942,0.361
1130,379,378,0.568
1131,380,38,0.333
1132,380,366,0.397
1133,381,765,0.228
1134,381,435,0.288
1135,381,716,0.331
1136,382,167,0.281
1137,383,764,0.474
1138,383,327,0.579
1139,384,773,0.37
1140,384,970,0.389
1141,384,807,0.417
1142,384,356,0.472
1143,385,393,0.189
1144,385,386,0.325
1145,385,65,0.354
1146,385,243,0.472
1147,385,121,0.605
1148,386,243,0.174
1149,386,65,0.21
1150,387,417,0.228
1151,387,460,0.594
1152,388,470,0.15
1153,388,283,0.394
1154,388,427,0.557
1155,388,365,0.648
1156,388,968,0.68
1157,389,597,0.199
1158,389,115,0.285
1159,389,458,0.429
1160,390,430,0.182
1161,390,184,0.387
1162,391,750,0.149
1163,391,778,0.339
1164,392,223,0.147
1165,393,385,0.189
1166,393,65,0.438
1167,393,386,0.483
1168,393,785,0.631
1169,394,627,0.191
1170,395,889,0.103
1171,395,921,0.238
1172,395,79,0.434
1173,396,975,0.145
1174,396,497,0.236
1175,396,404,0.317
1176,396,30,0.397
1177,397,471,0.459
1178,397,909,0.462
1179,397,602,0.495
1180,397,200,0.525
1181,398,662,0.107
1182,398,810,0.395
1183,398,99,0.44
1184,399,255,0.099
1185,400,192,0.263
1186,400,686,0.297
1187,400,54,0.308
1188,400,683,0.332
1189,401,143,0.116
1190,401,144,0.51
1191,402,771,0.201
1192,402,850,0.455
1193,403,526,0.522
1194,403,340,0.582
1195,404,396,0.317
1196,404,975,0.378
1197,404,948,0.392
1198,404,497,0.397
1199,405,710,0.039
1200,405,151,0.262
1201,405,230,0.323
1202,405,96,0.339
1203,406,926,0.347
1204,406,48,0.452
1205,406,439,0.508
1206,407,772,0.287
1207,407,853,0.324
1208,407,653,0.404
1209,407,424,0.415
1210,407,728,0.418
1211,408,705,0.129
1212,408,659,0.14
1213,409,890,0.006
1214,409,641,0.13
1215,409,860,0.149
1216,409,170,0.178
1217,410,260,0.347
1218,410,652,0.382
1219,410,547,0.42
1220,410,165,0.536
1221,410,958,0.551
1222,411,525,0.201
1223,411,902,0.296
1224,411,551,0.342
1225,411,919,0.556
1226,412,476,0.09
1227,412,100,0.135
1228,413,801,0.198
1229,414,815,0.026
1230,414,950,0.229
1231,415,266,0.333
1232,416,475,0.517
1233,416,748,0.555
1234,416,633,0.566
1235,416,606,0.586
1236,416,887,0.594
1237,417,387,0.228
1238,417,613,0.412
1239,417,917,0.465
1240,417,685,0.676
1241,417,617,0.742
1242,418,446,0.253
1243,418,512,0.254
1244,418,312,0.385
1245,418,274,0.398
1246,418,319,0.447
1247,419,280,0.112
1248,419,775,0.24
1249,419,19,0.424
1250,419,674,0.428
1251,419,830,0.446
1252,420,32,0.283
1253,420,673,0.286
1254,421,670,0.234
1255,421,346,0.237
1256,421,485,0.294
1257,421,734,0.361
1258,422,266,0.331
1259,423,677,0.285
1260,423,857,0.322
1261,423,449,0.394
1262,423,172,0.397
1263,423,822,0.427
1264,424,853,0.093
1265,424,728,0.176
1266,425,870,0.04
1267,425,122,0.14
1268,426,107,0.167
1269,426,357,0.318
1270,426,732,0.445
1271,426,132,0.493
1272,426,294,0.505
1273,427,71,0.167
1274,427,283,0.368
1275,428,945,0.053
1276,428,41,0.124
1277,428,467,0.137
1278,428,708,0.279
1279,429,598,0.117
1280,429,453,0.481
1281,429,508,0.663
1282,429,392,0.672
1283,430,390,0.182
1284,430,560,0.391
1285,431,169,0.385
1286,431,308,0.387
1287,432,338,0.236
1288,432,872,0.298
1289,433,328,0.173
1290,433,681,0.262
1291,433,752,0.361
1292,433,667,0.505
1293,434,666,0.545
1294,434,305,0.659
1295,435,445,0.236
1296,435,716,0.237
1297,435,381,0.288
1298,435,765,0.396
1299,436,45,0.249
1300,436,791,0.259
1301,436,635,0.259
1302,436,863,0.291
1303,436,265,0.385
1304,437,881,0.288
1305,437,808,0.334
1306,437,288,0.75
1307,437,44,0.812
1308,437,495,0.893
1309,438,160,0.212
1310,438,912,0.399
1311,438,82,0.416
1312,438,227,0.447
1313,439,48,0.306
1314,439,926,0.494
1315,439,406,0.508
1316,440,46,0.129
1317,440,933,0.244
1318,440,16,0.57
1319,440,324,0.665
1320,440,262,0.708
1321,441,253,0.074
1322,441,146,0.27
1323,442,173,0.203
1324,442,997,0.334
1325,442,643,0.342
1326,442,999,0.406
1327,443,983,0.241
1328,444,113,0.1
1329,444,6,0.139
1330,444,37,0.391
1331,444,171,0.405
1332,445,435,0.236
1333,445,716,0.419
1334,445,273,0.447
1335,446,512,0.032
1336,447,983,0.55
1337,447,532,0.585
1338,447,104,0.652
1339,447,284,0.703
1340,447,120,0.737
1341,448,664,0.164
1342,448,519,0.534
1343,448,744,0.631
1344,448,842,0.685
1345,449,677,0.276
1346,449,423,0.394
1347,450,127,0.128
1348,451,337,0.111
1349,451,412,0.258
1350,451,100,0.302
1351,451,476,0.337
1352,452,300,0.07
1353,452,102,0.18
1354,452,518,0.532
1355,452,147,0.59
1356,452,755,0.642
1357,453,813,0.393
1358,454,792,0.306
1359,454,605,0.315
1360,455,875,0.561
1361,455,330,0.614
1362,455,367,0.626
1363,455,292,0.703
1364,456,920,0.39
1365,456,9,0.529
1366,457,698,0.283
1367,457,925,0.36
1368,458,597,0.269
1369,458,363,0.375
1370,459,648,0.303
1371,460,572,0.185
1372,460,264,0.304
1373,460,359,0.412
1374,460,921,0.511
1375,461,294,0.512
1376,461,426,0.608
1377,461,592,0.693
1378,461,771,0.713
1379,462,778,0.366
1380,463,625,0.176
1381,463,594,0.49
1382,463,152,0.667
1383,463,931,0.722
1384,463,553,0.784
1385,464,784,0.141
1386,464,184,0.485
1387,465,571,0.23
1388,465,868,0.33
1389,465,67,0.491
1390,465,959,0.492
1391,466,205,0.409
1392,466,252,0.52
1393,466,376,0.609
1394,466,255,0.699
1395,467,945,0.085
1396,467,428,0.137
1397,467,41,0.203
1398,468,301,0.245
1399,469,5,0.166
1400,469,739,0.488
1401,469,994,0.495
1402,470,388,0.15
1403,470,283,0.525
1404,470,968,0.53
1405,471,602,0.155
1406,471,909,0.273
1407,472,737,0.108
1408,472,503,0.145
1409,472,537,0.266
1410,472,787,0.314
1411,472,277,0.428
1412,473,629,0.459
1413,473,204,0.522
1414,473,654,0.681
1415,473,833,0.738
1416,474,523,0.23
1417,474,508,0.255
1418,475,606,0.138
1419,475,887,0.184
1420,475,912,0.187
1421,475,507,0.389
1422,475,227,0.4
1423,476,412,0.09
1424,477,567,0.533
1425,477,117,0.61
1426,477,179,0.693
1427,477,115,0.723
1428,478,177,0.215
1429,479,129,0.117
1430,479,347,0.203
1431,479,600,0.301
1432,479,835,0.428
1433,480,15,0.08
1434,480,85,0.3
1435,480,474,0.36
1436,481,256,0.328
1437,482,81,0.165
1438,482,267,0.46
1439,482,727,0.586
1440,483,207,0.428
1441,483,76,0.584
1442,483,500,0.642
1443,483,109,0.806
1444,483,813,0.815
1445,484,228,0.216
1446,484,201,0.399
1447,484,233,0.562
1448,484,133,0.634
1449,485,734,0.155
1450,485,593,0.181
1451,486,946,0.557
1452,486,509,0.558
1453,486,943,0.569
1454,486,247,0.651
1455,487,37,0.259
1456,487,930,0.436
1457,488,661,0.162
1458,489,639,0.235
1459,490,75,0.171
1460,490,459,0.519
1461,490,639,0.647
1462,490,680,0.685
1463,490,648,0.799
1464,491,895,0.366
1465,491,671,0.602
1466,491,240,0.61
1467,492,145,0.45
1468,492,590,0.49
1469,492,225,0.547
1470,492,886,0.633
1471,492,116,0.666
1472,493,511,0.174
1473,493,183,0.182
1474,494,155,0.146
1475,494,709,0.326
1476,494,965,0.631
1477,494,78,0.657
1478,495,541,0.559
1479,495,808,0.586
1480,495,724,0.832
1481,495,437,0.893
1482,495,881,0.956
1483,496,94,0.38
1484,496,69,0.428
1485,496,220,0.546
1486,496,899,0.81
1487,496,826,0.815
1488,497,396,0.236
1489,497,30,0.239
1490,497,975,0.379
1491,498,7,0.172
1492,498,781,0.285
1493,498,351,0.342
1494,498,80,0.587
1495,498,318,0.623
1496,499,971,0.11
1497,500,949,0.425
1498,500,310,0.539
1499,500,109,0.559
1500,501,998,0.125
1501,501,904,0.304
1502,502,290,0.137
1503,502,87,0.163
1504,502,221,0.408
1505,502,212,0.444
1506,502,154,0.484
1507,503,737,0.131
1508,503,472,0.145
1509,504,513,0.518
1510,504,336,0.566
1511,504,397,0.6
1512,504,959,0.624
1513,504,894,0.663
1514,505,62,0.197
1515,505,596,0.206
1516,506,263,0.391
1517,506,27,0.441
1518,506,301,0.446
1519,507,185,0.21
1520,507,630,0.25
1521,507,106,0.289
1522,507,838,0.333
1523,507,227,0.339
1524,508,474,0.255
1525,508,523,0.464
1526,509,943,0.41
1527,509,486,0.558
1528,509,910,0.817
1529,509,946,0.991
1530,510,55,0.264
1531,510,631,0.31
1532,510,4,0.362
1533,511,493,0.174
1534,511,754,0.227
1535,512,446,0.032
1536,512,418,0.254
1537,512,791,0.328
1538,513,336,0.328
1539,513,959,0.412
1540,513,571,0.505
1541,514,657,0.275
1542,515,238,0.279
1543,515,577,0.582
1544,515,317,0.637
1545,516,854,0.562
1546,516,303,0.644
1547,516,619,0.824
1548,516,421,0.908
1549,517,995,0.129
1550,517,297,0.195
1551,518,147,0.07
1552,518,452,0.532
1553,518,809,0.547
1554,519,981,0.381
1555,519,842,0.402
1556,519,664,0.415
1557,519,989,0.437
1558,519,448,0.534
1559,520,25,0.173
1560,520,988,0.249
1561,520,951,0.516
1562,521,813,0.202
1563,521,689,0.289
1564,521,719,0.33
1565,521,703,0.501
1566,521,453,0.535
1567,522,350,0.077
1568,522,61,0.273
1569,523,474,0.23
1570,524,984,0.303
1571,524,786,0.384
1572,524,179,0.534
1573,524,19,0.554
1574,524,761,0.686
1575,525,411,0.201
1576,525,902,0.299
1577,526,579,0.069
1578,526,763,0.133
1579,527,973,0.207
1580,528,256,0.203
1581,529,624,0.145
1582,530,642,0.422
1583,530,585,0.463
1584,531,130,0.152
1585,531,142,0.202
1586,532,104,0.068
1587,533,141,0.173
1588,534,127,0.565
1589,535,835,0.522
1590,535,129,0.721
1591,536,510,0.39
1592,537,787,0.058
1593,538,248,0.386
1594,538,701,0.581
1595,538,961,0.603
1596,538,576,0.73
1597,539,546,0.23
1598,539,871,0.37
1599,539,867,0.398
1600,540,167,0.224
1601,540,382,0.366
1602,540,639,0.412
1603,540,489,0.469
1604,541,724,0.427
1605,541,495,0.559
1606,541,808,0.609
1607,541,553,0.625
1608,541,152,0.78
1609,542,948,0.24
1610,543,93,0.616
1611,543,712,0.696
1612,543,449,0.728
1613,544,924,0.114
1614,544,741,0.214
1615,545,920,0.429
1616,545,119,0.435
1617,545,128,0.468
1618,545,982,0.56
1619,545,186,0.58
1620,546,867,0.214
1621,546,539,0.23
1622,546,871,0.232
1623,547,958,0.375
1624,548,34,0.302
1625,548,638,0.339
1626,549,992,0.175
1627,549,648,0.318
1628,549,812,0.357
1629,550,59,0.172
1630,550,723,0.544
1631,551,555,0.27
1632,551,411,0.342
1633,551,18,0.342
1634,551,525,0.357
1635,551,335,0.462
1636,552,702,0.326
1637,553,152,0.192
1638,553,724,0.298
1639,554,57,0.127
1640,554,917,0.406
1641,554,613,0.475
1642,554,731,0.486
1643,555,335,0.195
1644,555,551,0.27
1645,555,18,0.333
1646,555,98,0.349
1647,555,525,0.474
1648,556,362,0.034
1649,556,937,0.428
1650,557,580,0.241
1651,557,810,0.429
1652,558,861,0.462
1653,558,848,0.542
1654,558,261,0.678
1655,559,762,0.289
1656,560,430,0.391
1657,560,390,0.561
1658,560,307,0.715
1659,560,885,0.722
1660,561,832,0.252
1661,562,659,0.262
1662,562,408,0.352
1663,563,967,0.155
1664,563,138,0.161
1665,563,846,0.286
1666,564,262,0.024
1667,564,23,0.528
1668,564,457,0.544
1669,565,800,0.157
1670,565,70,0.444
1671,565,184,0.487
1672,565,640,0.5
1673,566,131,0.357
1674,566,690,0.368
1675,566,202,0.413
1676,566,134,0.416
1677,566,209,0.579
1678,567,477,0.533
1679,567,374,0.568
1680,567,986,0.613
1681,567,799,0.807
1682,567,286,0.906
1683,568,309,0.256
1684,568,331,0.347
1685,568,341,0.369
1686,568,874,0.401
1687,569,42,0.382
1688,569,350,0.389
1689,570,126,0.11
1690,571,465,0.23
1691,571,868,0.331
1692,571,722,0.488
1693,571,321,0.495
1694,571,67,0.5
1695,572,264,0.159
1696,572,460,0.185
1697,573,311,0.415
1698,573,836,0.416
1699,573,888,0.558
1700,573,642,0.667
1701,574,618,0.158
1702,574,989,0.183
1703,574,198,0.226
1704,574,834,0.352
1705,575,872,0.199
1706,576,942,0.261
1707,576,78,0.335
1708,576,58,0.479
1709,576,241,0.49
1710,577,238,0.517
1711,577,515,0.582
1712,578,848,0.385
1713,578,85,0.479
1714,578,955,0.522
1715,578,217,0.66
1716,579,526,0.069
1717,580,557,0.241
1718,580,702,0.294
1719,581,994,0.169
1720,581,5,0.571
1721,582,130,0.227
1722,582,531,0.347
1723,582,142,0.383
1724,582,42,0.409
1725,582,614,0.491
1726,583,697,0.133
1727,584,796,0.267
1728,584,575,0.347
1729,584,52,0.376
1730,584,195,0.506
1731,584,999,0.533
1732,585,743,0.292
1733,585,530,0.463
1734,585,596,0.535
1735,586,762,0.23
1736,586,103,0.294
1737,586,559,0.431
1738,586,863,0.508
1739,587,326,0.269
1740,587,73,0.397
1741,587,213,0.52
1742,588,218,0.074
1743,588,190,0.282
1744,589,392,0.461
1745,589,727,0.576
1746,590,758,0.37
1747,590,225,0.439
1748,590,492,0.49
1749,591,313,0.301
1750,591,226,0.321
1751,591,892,0.38
1752,591,986,0.434
1753,592,617,0.615
1754,592,461,0.693
1755,592,685,0.711
1756,592,426,0.788
1757,593,485,0.181
1758,594,245,0.353
1759,594,939,0.394
1760,594,463,0.49
1761,595,369,0.492
1762,596,505,0.206
1763,596,647,0.351
1764,596,62,0.389
1765,596,620,0.404
1766,596,906,0.427
1767,597,389,0.199
1768,597,458,0.269
1769,598,429,0.117
1770,599,864,0.687
1771,599,205,0.689
1772,599,466,0.758
1773,599,29,0.795
1774,600,479,0.301
1775,600,347,0.31
1776,601,595,0.493
1777,602,159,0.139
1778,602,909,0.14
1779,603,570,0.286
1780,603,126,0.358
1781,604,936,0.092
1782,605,454,0.315
1783,605,792,0.38
1784,605,275,0.422
1785,605,628,0.567
1786,605,298,0.584
1787,606,887,0.051
1788,606,475,0.138
1789,607,360,0.247
1790,607,634,0.293
1791,607,969,0.43
1792,607,987,0.593
1793,608,797,0.118
1794,609,174,0.37
1795,609,610,0.598
1796,610,450,0.139
1797,611,263,0.318
1798,611,369,0.404
1799,611,506,0.487
1800,611,595,0.596
1801,612,349,0.393
1802,613,917,0.105
1803,613,417,0.412
1804,613,554,0.475
1805,613,57,0.591
1806,614,142,0.199
1807,614,531,0.4
1808,614,320,0.448
1809,615,787,0.46
1810,615,537,0.501
1811,615,672,0.593
1812,616,246,0.264
1813,616,341,0.351
1814,616,331,0.46
1815,617,685,0.098
1816,617,592,0.615
1817,617,417,0.742
1818,618,574,0.158
1819,618,834,0.235
1820,618,304,0.278
1821,619,303,0.192
1822,620,62,0.07
1823,620,505,0.233
1824,620,906,0.336
1825,621,626,0.117
1826,621,718,0.374
1827,621,906,0.42
1828,622,915,0.111
1829,623,23,0.362
1830,623,730,0.392
1831,623,457,0.403
1832,624,529,0.145
1833,624,824,0.29
1834,624,768,0.41
1835,624,358,0.426
1836,624,826,0.533
1837,625,463,0.176
1838,625,594,0.545
1839,625,931,0.553
1840,625,152,0.555
1841,626,621,0.117
1842,626,718,0.335
1843,626,62,0.438
1844,626,906,0.44
1845,626,620,0.468
1846,627,394,0.191
1847,627,907,0.284
1848,627,36,0.305
1849,628,275,0.149
1850,628,641,0.299
1851,629,204,0.243
1852,630,106,0.055
1853,630,185,0.09
1854,630,227,0.128
1855,631,510,0.31
1856,631,536,0.5
1857,631,4,0.547
1858,632,239,0.266
1859,632,950,0.368
1860,632,815,0.596
1861,632,414,0.597
1862,633,838,0.411
1863,633,507,0.434
1864,633,416,0.566
1865,633,622,0.576
1866,633,185,0.611
1867,634,607,0.293
1868,634,987,0.3
1869,635,436,0.259
1870,636,562,0.364
1871,636,913,0.392
1872,637,752,0.295
1873,637,149,0.306
1874,638,548,0.339
1875,638,34,0.445
1876,638,930,0.454
1877,638,321,0.477
1878,638,952,0.513
1879,639,489,0.235
1880,640,70,0.462
1881,640,565,0.5
1882,641,170,0.089
1883,641,409,0.13
1884,641,890,0.136
1885,641,860,0.268
1886,642,836,0.302
1887,642,530,0.422
1888,642,585,0.628
1889,642,573,0.667
1890,642,888,0.681
1891,643,999,0.162
1892,643,173,0.163
1893,643,195,0.249
1894,643,442,0.342
1895,643,997,0.405
1896,644,660,0.468
1897,644,831,0.634
1898,645,755,0.057
1899,645,619,0.394
1900,645,649,0.462
1901,645,712,0.536
1902,646,188,0.099
1903,646,862,0.392
1904,647,906,0.127
1905,647,505,0.228
1906,647,62,0.332
1907,648,459,0.303
1908,648,161,0.314
1909,648,549,0.318
1910,648,40,0.443
1911,648,992,0.457
1912,649,712,0.074
1913,649,899,0.354
1914,650,962,0.436
1915,650,682,0.474
1916,651,996,0.367
1917,651,718,0.4
1918,652,410,0.382
1919,652,189,0.465
1920,653,728,0.189
1921,653,853,0.302
1922,653,424,0.352
1923,653,251,0.353
1924,654,833,0.096
1925,654,204,0.159
1926,654,629,0.342
1927,655,254,0.07
1928,656,216,0.145
1929,657,182,0.253
1930,657,849,0.263
1931,657,757,0.274
1932,658,339,0.254
1933,658,528,0.329
1934,658,256,0.365
1935,658,829,0.403
1936,659,705,0.131
1937,659,408,0.14
1938,660,831,0.216
1939,661,940,0.158
1940,661,488,0.162
1941,661,845,0.393
1942,661,96,0.417
1943,662,398,0.107
1944,662,810,0.289
1945,663,55,0.436
1946,663,221,0.47
1947,664,448,0.164
1948,665,865,0.248
1949,666,526,0.527
1950,666,434,0.545
1951,667,681,0.266
1952,667,86,0.284
1953,667,433,0.505
1954,668,882,0.204
1955,668,114,0.597
1956,668,83,0.607
1957,669,749,0.071
1958,669,193,0.16
1959,669,299,0.214
1960,669,235,0.59
1961,670,346,0.086
1962,671,306,0.18
1963,671,805,0.254
1964,671,934,0.42
1965,671,604,0.45
1966,671,90,0.475
1967,672,615,0.593
1968,672,535,0.748
1969,672,92,0.805
1970,672,347,0.887
1971,672,479,0.943
1972,673,236,0.267
1973,673,420,0.286
1974,673,123,0.465
1975,673,32,0.499
1976,673,628,0.586
1977,674,19,0.289
1978,674,280,0.37
1979,674,419,0.428
1980,674,775,0.449
1981,674,786,0.527
1982,675,120,0.354
1983,675,284,0.373
1984,675,913,0.47
1985,675,104,0.519
1986,676,897,0.141
1987,677,857,0.127
1988,677,172,0.206
1989,677,449,0.276
1990,677,423,0.285
1991,678,61,0.268
1992,678,739,0.298
1993,678,350,0.416
1994,679,758,0.416
1995,680,489,0.238
1996,680,639,0.349
1997,680,949,0.532
1998,681,433,0.262
1999,682,6,0.289
2000,682,134,0.392
2001,682,131,0.416
2002,682,444,0.422
2003,683,192,0.246
2004,684,210,0.45
2005,684,148,0.47
2006,684,352,0.512
2007,684,251,0.69
2008,685,617,0.098
2009,686,192,0.088
2010,686,226,0.225
2011,686,287,0.264
2012,686,400,0.297
2013,687,323,0.227
2014,687,720,0.233
2015,688,211,0.593
2016,689,521,0.289
2017,690,209,0.226
2018,690,980,0.312
2019,690,566,0.368
2020,690,90,0.48
2021,691,729,0.197
2022,691,41,0.342
2023,692,819,0.135
2024,692,713,0.23
2025,692,216,0.512
2026,692,342,0.573
2027,693,91,0.298
2028,693,743,0.458
2029,693,596,0.482
2030,694,186,0.248
2031,694,990,0.312
2032,694,128,0.353
2033,694,846,0.452
2034,695,68,0.262
2035,695,348,0.292
2036,695,318,0.325
2037,695,337,0.33
2038,695,880,0.37
2039,696,191,0.493
2040,696,89,0.615
2041,696,638,0.651
2042,696,835,0.669
2043,696,124,0.676
2044,697,583,0.133
2045,697,706,0.299
2046,697,768,0.67
2047,697,826,0.734
2048,697,822,0.806
2049,698,63,0.097
2050,698,928,0.243
2051,698,457,0.283
2052,698,849,0.299
2053,698,182,0.322
2054,699,271,0.115
2055,699,82,0.226
2056,699,978,0.275
2057,699,118,0.42
2058,699,923,0.512
2059,700,222,0.105
2060,700,136,0.314
2061,701,961,0.192
2062,701,248,0.385
2063,701,932,0.437
2064,701,58,0.562
2065,702,580,0.294
2066,702,552,0.326
2067,702,361,0.362
2068,702,810,0.447
2069,702,158,0.459
2070,703,689,0.332
2071,703,719,0.474
2072,704,855,0.251
2073,704,971,0.619
2074,704,499,0.726
2075,704,593,0.845
2076,705,408,0.129
2077,705,659,0.131
2078,706,583,0.239
2079,706,697,0.299
2080,707,751,0.151
2081,707,305,0.275
2082,707,661,0.539
2083,707,940,0.564
2084,707,845,0.69
2085,708,428,0.279
2086,708,945,0.316
2087,708,18,0.351
2088,708,467,0.37
2089,708,41,0.378
2090,709,155,0.208
2091,709,494,0.326
2092,709,965,0.632
2093,709,976,0.723
2094,710,405,0.039
2095,711,273,0.349
2096,711,716,0.396
2097,711,445,0.454
2098,712,649,0.074
2099,712,899,0.364
2100,712,645,0.536
2101,712,755,0.562
2102,713,819,0.108
2103,713,692,0.23
2104,714,382,0.486
2105,714,197,0.536
2106,714,373,0.608
2107,714,964,0.646
2108,715,987,0.375
2109,716,435,0.237
2110,716,765,0.275
2111,716,381,0.331
2112,716,711,0.396
2113,716,445,0.419
2114,717,285,0.189
2115,717,603,0.599
2116,717,570,0.604
2117,718,626,0.335
2118,718,970,0.339
2119,719,521,0.33
2120,720,830,0.072
2121,721,20,0.09
2122,721,938,0.308
2123,721,880,0.595
2124,721,769,0.635
2125,721,337,0.638
2126,722,321,0.105
2127,722,316,0.253
2128,722,952,0.428
2129,722,868,0.43
2130,723,13,0.389
2131,723,59,0.391
2132,724,553,0.298
2133,724,541,0.427
2134,724,152,0.49
2135,724,247,0.681
2136,725,812,0.499
2137,726,324,0.137
2138,726,23,0.15
2139,726,944,0.226
2140,726,730,0.39
2141,726,623,0.509
2142,727,972,0.15
2143,727,964,0.344
2144,727,373,0.424
2145,728,853,0.163
2146,728,424,0.176
2147,728,653,0.189
2148,729,691,0.197
2149,730,23,0.294
2150,731,935,0.179
2151,731,57,0.369
2152,731,282,0.376
2153,731,258,0.453
2154,731,554,0.486
2155,732,132,0.057
2156,732,107,0.291
2157,733,922,0.203
2158,733,780,0.319
2159,734,485,0.155
2160,734,593,0.318
2161,734,199,0.358
2162,735,22,0.375
2163,735,261,0.486
2164,735,916,0.531
2165,735,478,0.586
2166,735,884,0.679
2167,736,53,0.301
2168,736,231,0.491
2169,736,887,0.518
2170,736,798,0.559
2171,736,606,0.569
2172,737,472,0.108
2173,737,503,0.131
2174,737,537,0.37
2175,737,787,0.414
2176,738,132,0.317
2177,738,732,0.373
2178,738,357,0.487
2179,739,678,0.298
2180,739,469,0.488
2181,739,224,0.549
2182,739,61,0.564
2183,739,5,0.634
2184,740,915,0.106
2185,740,622,0.212
2186,741,924,0.138
2187,741,544,0.214
2188,741,164,0.257
2189,741,175,0.463
2190,742,834,0.745
2191,743,585,0.292
2192,744,842,0.4
2193,744,664,0.503
2194,745,753,0.23
2195,745,214,0.423
2196,745,803,0.46
2197,745,178,0.703
2198,745,717,0.755
2199,746,43,0.014
2200,747,472,0.604
2201,748,416,0.555
2202,748,937,0.634
2203,749,669,0.071
2204,749,193,0.125
2205,749,299,0.285
2206,749,908,0.599
2207,750,391,0.149
2208,751,305,0.13
2209,751,707,0.151
2210,751,434,0.672
2211,751,661,0.677
2212,751,940,0.681
2213,752,328,0.217
2214,752,637,0.295
2215,752,433,0.361
2216,752,149,0.421
2217,753,745,0.23
2218,753,178,0.542
2219,753,214,0.586
2220,753,717,0.616
2221,753,803,0.684
2222,754,511,0.227
2223,754,493,0.35
2224,755,645,0.057
2225,755,619,0.449
2226,755,649,0.487
2227,755,102,0.538
2228,755,712,0.562
2229,756,149,0.122
2230,756,276,0.276
2231,756,637,0.426
2232,756,752,0.528
2233,756,328,0.633
2234,757,657,0.274
2235,757,876,0.322
2236,758,112,0.324
2237,758,590,0.37
2238,758,679,0.416
2239,758,308,0.532
2240,758,169,0.637
2241,759,807,0.356
2242,759,773,0.469
2243,760,342,0.32
2244,760,603,0.375
2245,760,126,0.41
2246,760,570,0.443
2247,761,14,0.17
2248,761,179,0.203
2249,761,117,0.234
2250,761,786,0.356
2251,762,586,0.23
2252,762,559,0.289
2253,762,103,0.439
2254,762,147,0.573
2255,762,863,0.614
2256,763,579,0.077
2257,764,295,0.3
2258,764,827,0.461
2259,765,381,0.228
2260,765,716,0.275
2261,765,435,0.396
2262,765,372,0.437
2263,765,201,0.55
2264,766,208,0.114
2265,766,843,0.126
2266,766,375,0.149
2267,767,952,0.382
2268,767,487,0.47
2269,767,316,0.494
2270,767,202,0.549
2271,767,131,0.633
2272,768,826,0.15
2273,768,824,0.164
2274,768,529,0.266
2275,768,624,0.41
2276,768,69,0.508
2277,769,850,0.399
2278,769,880,0.458
2279,770,49,0.362
2280,771,402,0.201
2281,771,850,0.459
2282,772,407,0.287
2283,772,653,0.394
2284,772,853,0.515
2285,773,807,0.116
2286,773,384,0.37
2287,773,759,0.469
2288,773,370,0.531
2289,773,900,0.578
2290,774,858,0.164
2291,774,140,0.179
2292,774,476,0.253
2293,774,412,0.338
2294,775,419,0.24
2295,775,19,0.283
2296,775,280,0.325
2297,775,674,0.449
2298,776,277,0.177
2299,776,157,0.214
2300,777,259,0.396
2301,778,122,0.206
2302,778,870,0.212
2303,778,425,0.25
2304,778,391,0.339
2305,778,462,0.366
2306,779,783,0.296
2307,779,979,0.372
2308,779,874,0.411
2309,779,852,0.445
2310,779,309,0.458
2311,780,279,0.314
2312,780,733,0.319
2313,780,163,0.328
2314,781,7,0.265
2315,781,498,0.285
2316,781,351,0.34
2317,782,177,0.229
2318,783,979,0.109
2319,783,852,0.235
2320,784,464,0.141
2321,784,184,0.622
2322,784,565,0.719
2323,784,800,0.773
2324,784,70,0.794
2325,785,157,0.232
2326,785,776,0.269
2327,785,277,0.348
2328,786,179,0.304
2329,786,761,0.356
2330,786,524,0.384
2331,786,14,0.461
2332,787,537,0.058
2333,787,472,0.314
2334,787,503,0.357
2335,787,737,0.414
2336,787,157,0.452
2337,788,176,0.335
2338,789,818,0.32
2339,789,533,0.533
2340,789,148,0.544
2341,790,980,0.798
2342,790,202,0.862
2343,791,436,0.259
2344,791,512,0.328
2345,792,9,0.228
2346,793,823,0.149
2347,793,975,0.308
2348,793,404,0.403
2349,794,343,0.139
2350,794,314,0.365
2351,795,670,0.152
2352,795,346,0.219
2353,795,421,0.371
2354,795,734,0.431
2355,796,584,0.267
2356,797,196,0.004
2357,798,840,0.282
2358,798,53,0.318
2359,798,736,0.559
2360,799,286,0.106
2361,799,16,0.409
2362,799,28,0.662
2363,800,565,0.157
2364,800,184,0.395
2365,800,377,0.487
2366,800,859,0.563
2367,800,640,0.584
2368,801,413,0.198
2369,801,139,0.473
2370,801,317,0.484
2371,801,665,0.671
2372,802,97,0.235
2373,802,613,0.617
2374,802,921,0.626
2375,802,282,0.65
2376,803,214,0.298
2377,803,108,0.456
2378,803,745,0.46
2379,803,753,0.684
2380,803,926,0.886
2381,804,162,0.708
2382,804,896,0.856
2383,805,934,0.191
2384,805,604,0.215
2385,806,918,0.11
2386,806,64,0.366
2387,806,325,0.435
2388,807,773,0.116
2389,808,437,0.334
2390,808,881,0.382
2391,808,495,0.586
2392,808,541,0.609
2393,809,244,0.225
2394,809,655,0.534
2395,809,518,0.547
2396,809,254,0.548
2397,810,662,0.289
2398,810,398,0.395
2399,810,557,0.429
2400,810,750,0.436
2401,810,702,0.447
2402,811,329,0.392
2403,811,911,0.404
2404,811,127,0.664
2405,812,549,0.357
2406,813,521,0.202
2407,814,366,0.561
2408,814,215,0.63
2409,814,590,0.631
2410,815,414,0.026
2411,815,950,0.231
2412,816,839,0.346
2413,817,232,0.466
2414,818,789,0.32
2415,818,533,0.468
2416,818,141,0.589
2417,819,713,0.108
2418,819,692,0.135
2419,819,216,0.526
2420,820,993,0.251
2421,821,344,0.458
2422,821,841,0.471
2423,822,423,0.427
2424,823,793,0.149
2425,823,948,0.349
2426,823,975,0.457
2427,823,404,0.478
2428,823,21,0.535
2429,824,529,0.152
2430,824,768,0.164
2431,825,903,0.17
2432,825,292,0.253
2433,825,367,0.628
2434,825,374,0.7
2435,826,768,0.15
2436,826,824,0.25
2437,826,529,0.389
2438,826,69,0.394
2439,826,624,0.533
2440,827,295,0.166
2441,827,832,0.373
2442,827,837,0.379
2443,827,995,0.384
2444,827,914,0.431
2445,828,860,0.237
2446,828,890,0.377
2447,828,409,0.38
2448,828,641,0.482
2449,829,658,0.403
2450,830,720,0.072
2451,830,687,0.255
2452,830,323,0.432
2453,830,419,0.446
2454,831,660,0.216
2455,831,658,0.517
2456,832,561,0.252
2457,833,654,0.096
2458,833,204,0.224
2459,834,304,0.1
2460,834,618,0.235
2461,834,574,0.352
2462,835,129,0.325
2463,835,191,0.356
2464,835,479,0.428
2465,835,535,0.522
2466,836,642,0.302
2467,836,311,0.397
2468,836,573,0.416
2469,836,888,0.421
2470,837,297,0.127
2471,837,914,0.146
2472,837,517,0.218
2473,838,622,0.235
2474,838,507,0.333
2475,838,915,0.335
2476,838,185,0.352
2477,838,633,0.411
2478,839,816,0.346
2479,839,367,0.656
2480,839,461,0.927
2481,839,455,1.047
2482,839,592,1.08
2483,840,798,0.282
2484,840,901,0.447
2485,841,135,0.089
2486,841,364,0.146
2487,841,136,0.396
2488,842,981,0.229
2489,842,744,0.4
2490,842,519,0.402
2491,843,375,0.108
2492,843,766,0.126
2493,844,224,0.163
2494,844,29,0.648
2495,845,940,0.236
2496,845,661,0.393
2497,845,488,0.451
2498,846,967,0.151
2499,847,56,0.513
2500,847,994,0.592
2501,847,581,0.654
2502,847,401,0.792
2503,848,578,0.385
2504,848,558,0.542
2505,848,85,0.632
2506,849,182,0.03
2507,849,657,0.263
2508,849,698,0.299
2509,849,928,0.304
2510,850,769,0.399
2511,850,402,0.455
2512,850,771,0.459
2513,850,68,0.679
2514,850,880,0.698
2515,851,250,0.355
2516,851,604,0.397
2517,851,165,0.402
2518,851,936,0.415
2519,852,783,0.235
2520,852,977,0.245
2521,852,153,0.247
2522,852,979,0.304
2523,853,424,0.093
2524,854,421,0.395
2525,854,303,0.463
2526,854,346,0.518
2527,854,516,0.562
2528,854,670,0.57
2529,855,704,0.251
2530,856,897,0.303
2531,856,676,0.381
2532,856,105,0.394
2533,856,21,0.584
2534,856,818,0.59
2535,857,172,0.085
2536,857,677,0.127
2537,857,423,0.322
2538,857,449,0.403
2539,858,774,0.164
2540,858,893,0.255
2541,858,878,0.258
2542,858,140,0.337
2543,859,974,0.452
2544,859,640,0.547
2545,859,273,0.56
2546,860,890,0.145
2547,860,409,0.149
2548,860,828,0.237
2549,861,331,0.43
2550,861,558,0.462
2551,861,874,0.505
2552,861,568,0.526
2553,862,211,0.164
2554,863,103,0.218
2555,863,436,0.291
2556,864,235,0.435
2557,864,1,0.625
2558,864,599,0.687
2559,864,193,0.697
2560,864,749,0.823
2561,865,317,0.218
2562,866,137,0.223
2563,867,871,0.082
2564,867,546,0.214
2565,867,539,0.398
2566,867,954,0.45
2567,868,67,0.173
2568,868,465,0.33
2569,868,571,0.331
2570,868,316,0.413
2571,869,99,0.073
2572,870,425,0.04
2573,870,122,0.112
2574,870,778,0.212
2575,870,462,0.378
2576,871,867,0.082
2577,872,338,0.132
2578,872,575,0.199
2579,872,432,0.298
2580,872,873,0.537
2581,873,338,0.478
2582,873,872,0.537
2583,874,568,0.401
2584,874,779,0.411
2585,874,861,0.505
2586,875,330,0.053
2587,875,371,0.485
2588,875,455,0.561
2589,875,938,0.658
2590,876,957,0.173
2591,876,757,0.322
2592,876,920,0.441
2593,876,657,0.589
2594,876,456,0.62
2595,877,953,0.346
2596,877,272,0.536
2597,877,740,0.625
2598,877,91,0.653
2599,877,915,0.687
2600,878,893,0.112
2601,878,858,0.258
2602,878,100,0.378
2603,878,774,0.4
2604,878,476,0.449
2605,879,242,0.182
2606,880,68,0.243
2607,880,337,0.356
2608,880,695,0.37
2609,880,769,0.458
2610,880,451,0.467
2611,881,437,0.288
2612,882,668,0.204
2613,882,114,0.429
2614,882,355,0.472
2615,883,12,0.089
2616,883,929,0.202
2617,883,203,0.263
2618,883,979,0.266
2619,883,153,0.373
2620,884,916,0.247
2621,884,22,0.586
2622,885,44,0.252
2623,885,288,0.633
2624,885,560,0.722
2625,885,13,0.744
2626,885,430,0.983
2627,886,145,0.431
2628,886,817,0.561
2629,886,116,0.624
2630,886,492,0.633
2631,887,606,0.051
2632,888,311,0.16
2633,888,175,0.34
2634,888,836,0.421
2635,889,395,0.103
2636,889,921,0.16
2637,889,264,0.437
2638,889,460,0.514
2639,889,572,0.527
2640,890,409,0.006
2641,891,281,0.113
2642,891,171,0.241
2643,892,313,0.137
2644,893,878,0.112
2645,894,959,0.37
2646,895,240,0.247
2647,895,491,0.366
2648,895,219,0.507
2649,896,237,0.711
2650,896,881,0.761
2651,896,13,0.788
2652,897,105,0.095
2653,897,676,0.141
2654,897,856,0.303
2655,898,334,0.054
2656,898,267,0.578
2657,899,220,0.267
2658,899,649,0.354
2659,900,370,0.048
2660,900,150,0.428
2661,900,759,0.538
2662,900,908,0.539
2663,901,237,0.2
2664,902,411,0.296
2665,903,825,0.17
2666,903,292,0.417
2667,903,374,0.594
2668,903,367,0.648
2669,904,98,0.303
2670,904,501,0.304
2671,904,998,0.387
2672,904,335,0.489
2673,904,162,0.516
2674,905,481,0.423
2675,905,612,0.501
2676,905,256,0.512
2677,905,339,0.584
2678,906,647,0.127
2679,906,505,0.251
2680,907,394,0.249
2681,907,627,0.284
2682,908,77,0.268
2683,908,320,0.45
2684,909,159,0.103
2685,909,602,0.14
2686,909,471,0.273
2687,910,509,0.817
2688,910,939,0.846
2689,910,245,0.914
2690,910,594,0.941
2691,911,329,0.315
2692,911,180,0.388
2693,912,475,0.187
2694,912,606,0.219
2695,912,227,0.242
2696,912,887,0.265
2697,912,106,0.29
2698,913,636,0.392
2699,913,675,0.47
2700,913,363,0.631
2701,914,837,0.146
2702,914,327,0.193
2703,914,297,0.217
2704,915,740,0.106
2705,915,622,0.111
2706,916,884,0.247
2707,916,14,0.494
2708,916,735,0.531
2709,916,22,0.586
2710,917,613,0.105
2711,917,554,0.406
2712,917,417,0.465
2713,917,57,0.529
2714,918,806,0.11
2715,918,64,0.281
2716,918,325,0.326
2717,919,544,0.409
2718,919,175,0.432
2719,920,456,0.39
2720,920,545,0.429
2721,920,876,0.441
2722,920,957,0.55
2723,920,757,0.653
2724,921,889,0.16
2725,922,733,0.203
2726,922,125,0.296
2727,922,780,0.502
2728,922,163,0.77
2729,922,29,0.776
2730,923,118,0.444
2731,923,978,0.467
2732,924,544,0.114
2733,924,741,0.138
2734,924,164,0.374
2735,924,175,0.403
2736,925,249,0.352
2737,925,457,0.36
2738,925,698,0.503
2739,925,278,0.536
2740,926,406,0.347
2741,927,259,0.41
2742,927,168,0.413
2743,927,777,0.417
2744,927,932,0.549
2745,928,63,0.154
2746,928,698,0.243
2747,928,849,0.304
2748,929,203,0.141
2749,929,883,0.202
2750,930,952,0.398
2751,930,487,0.436
2752,930,638,0.454
2753,930,37,0.609
2754,931,625,0.553
2755,932,168,0.224
2756,932,961,0.381
2757,932,701,0.437
2758,933,46,0.187
2759,933,440,0.244
2760,933,324,0.421
2761,934,805,0.191
2762,934,604,0.238
2763,934,962,0.249
2764,934,936,0.279
2765,934,671,0.42
2766,935,731,0.179
2767,936,604,0.092
2768,936,165,0.152
2769,936,934,0.279
2770,937,556,0.428
2771,937,362,0.437
2772,938,721,0.308
2773,938,20,0.327
2774,939,245,0.081
2775,939,594,0.394
2776,939,595,0.555
2777,939,910,0.846
2778,939,463,0.864
2779,940,661,0.158
2780,940,845,0.236
2781,940,488,0.252
2782,940,707,0.564
2783,940,96,0.572
2784,941,96,0.457
2785,941,230,0.622
2786,941,211,0.641
2787,941,688,0.658
2788,941,710,0.692
2789,942,576,0.261
2790,942,241,0.262
2791,942,379,0.361
2792,942,58,0.409
2793,942,78,0.526
2794,943,509,0.41
2795,943,486,0.569
2796,943,910,1.054
2797,943,946,1.12
2798,943,247,1.213
2799,944,726,0.226
2800,944,324,0.251
2801,945,428,0.053
2802,945,467,0.085
2803,945,41,0.137
2804,945,729,0.268
2805,946,247,0.094
2806,946,486,0.557
2807,947,76,0.339
2808,947,109,0.382
2809,947,207,0.461
2810,948,542,0.24
2811,948,823,0.349
2812,948,404,0.392
2813,948,793,0.415
2814,948,975,0.628
2815,949,109,0.263
2816,949,500,0.425
2817,950,239,0.168
2818,950,414,0.229
2819,951,347,0.48
2820,951,520,0.516
2821,951,25,0.582
2822,951,988,0.629
2823,951,600,0.643
2824,952,767,0.382
2825,952,930,0.398
2826,952,316,0.399
2827,952,722,0.428
2828,952,321,0.451
2829,953,272,0.319
2830,953,877,0.346
2831,953,622,0.649
2832,953,740,0.66
2833,953,915,0.669
2834,954,867,0.45
2835,954,703,0.5
2836,954,546,0.506
2837,954,70,0.515
2838,954,871,0.532
2839,955,15,0.331
2840,955,233,0.356
2841,956,359,0.289
2842,956,166,0.343
2843,957,876,0.173
2844,957,757,0.438
2845,957,119,0.523
2846,958,260,0.314
2847,958,547,0.375
2848,959,894,0.37
2849,959,513,0.412
2850,960,806,0.689
2851,960,954,0.69
2852,960,242,0.704
2853,960,703,0.721
2854,960,918,0.75
2855,961,701,0.192
2856,961,932,0.381
2857,962,934,0.249
2858,962,805,0.388
2859,962,650,0.436
2860,962,604,0.487
2861,962,134,0.489
2862,963,229,0.363
2863,963,315,0.395
2864,963,137,0.449
2865,964,373,0.181
2866,964,972,0.199
2867,964,727,0.344
2868,965,33,0.141
2869,965,976,0.296
2870,965,679,0.63
2871,965,494,0.631
2872,966,291,0.077
2873,966,740,0.484
2874,966,915,0.517
2875,966,71,0.603
2876,967,846,0.151
2877,967,563,0.155
2878,967,138,0.233
2879,967,2,0.247
2880,967,991,0.271
2881,968,820,0.375
2882,968,993,0.435
2883,968,470,0.53
2884,969,375,0.253
2885,969,843,0.288
2886,970,718,0.339
2887,970,384,0.389
2888,970,621,0.451
2889,970,356,0.5
2890,971,499,0.11
2891,971,855,0.389
2892,972,727,0.15
2893,973,527,0.207
2894,973,84,0.413
2895,974,307,0.42
2896,974,377,0.45
2897,974,859,0.452
2898,974,273,0.729
2899,974,800,0.791
2900,975,396,0.145
2901,976,965,0.296
2902,976,33,0.409
2903,976,289,0.513
2904,976,709,0.723
2905,977,852,0.245
2906,977,783,0.443
2907,978,118,0.154
2908,978,82,0.212
2909,979,783,0.109
2910,979,153,0.262
2911,980,690,0.312
2912,980,209,0.345
2913,981,842,0.229
2914,981,269,0.327
2915,981,519,0.381
2916,982,344,0.239
2917,982,119,0.455
2918,982,128,0.527
2919,982,545,0.56
2920,982,186,0.617
2921,983,443,0.241
2922,983,532,0.389
2923,983,104,0.434
2924,983,447,0.55
2925,983,284,0.579
2926,984,524,0.303
2927,984,286,0.659
2928,984,786,0.679
2929,985,219,0.275
2930,985,240,0.355
2931,986,591,0.434
2932,987,634,0.3
2933,988,520,0.249
2934,989,574,0.183
2935,989,618,0.291
2936,989,198,0.292
2937,990,2,0.181
2938,990,846,0.23
2939,990,694,0.312
2940,991,967,0.271
2941,991,846,0.291
2942,991,563,0.402
2943,991,2,0.463
2944,992,549,0.175
2945,993,820,0.251
2946,993,362,0.422
2947,993,968,0.435
2948,993,556,0.455
2949,993,470,0.671
2950,994,581,0.169
2951,994,5,0.428
2952,994,469,0.495
2953,994,847,0.592
2954,994,56,0.746
2955,995,517,0.129
2956,996,356,0.047
2957,997,173,0.275
2958,997,442,0.334
2959,997,643,0.405
2960,997,999,0.555
2961,998,501,0.125
2962,999,195,0.119
2963,1000,700,0.42
2964,1000,222,0.446
2965,415,893,0.65
2966,715,333,0.2
2967,333,705,0.2
2968,754,892,0.5
2969,49,728,1.0
2970,296,191,0.2
2971,973,45,0.5
2972,815,413,0.6
2973,815,86,0.7
