ID,Street_Address,City,Country,Unit,Type,Parent,Latitude,Longitude
1,ulica Widok,Warsaw,RP,60,Main Node,,52.266908029790834,21.00176692581363
2,aleja Klasztorna,Warsaw,RP,124,Main Node,,52.26410967826448,21.037133803653944
3,al. Sarnia,Warsaw,RP,345,Main Node,,52.29947572864069,21.195013423023802
4,aleja Wilcza,Warsaw,RP,21,Main Node,,52.21373121715134,21.18814435224978
5,plac Mickiewicza,Warsaw,RP,732,Main Node,,52.29180960393284,21.005469210454716
6,ul. Mazurska,Warsaw,RP,7,Main Node,,52.28600839038156,21.142899003318334
7,ul. Gałczynskiego,Warsaw,RP,39,Main Node,,52.259895646722256,21.11924605499753
8,ulica Lawendowa,Warsaw,RP,857,Main Node,,52.20994418238521,21.170382224863967
9,ulica Nowa,Warsaw,RP,36,Main Node,,52.26303176927778,21.069659718724363
10,ul. Srebrna,Warsaw,RP,6,Main Node,,52.28553234943387,21.06902357158136
11,ulica Orkana,Warsaw,RP,602,Main Node,,52.21509925663378,21.160119683251402
12,aleja Jesienna,Warsaw,RP,500,Main Node,,52.2064261407836,21.07176176404817
13,ulica Przechodnia,Warsaw,RP,5,Main Node,,52.208405816572444,20.95862348813109
14,ulica Podwale,Warsaw,RP,33,Main Node,,52.225826159602505,21.062678568986186
15,pl. Miarki,Warsaw,RP,38,Main Node,,52.216562553090604,21.03009411889515
16,plac Słowianska,Warsaw,RP,933,Main Node,,52.23883099174683,21.078596110776523
17,plac Wybickiego,Warsaw,RP,42,Main Node,,52.281986479943356,21.062563827125988
18,ulica Leszczynowa,Warsaw,RP,93,Main Node,,52.23096132260631,20.93725307807617
19,plac Górska,Warsaw,RP,81,Main Node,,52.23351682584396,21.05840024148271
20,al. Mostowa,Warsaw,RP,27,Main Node,,52.25062314823562,21.096540918934334
21,ul. Storczykowa,Warsaw,RP,60,Main Node,,52.276999278476794,21.108666809406323
22,aleja Szewska,Warsaw,RP,86,Main Node,,52.218967841819726,21.051549595142482
23,aleja Szczęśliwa,Warsaw,RP,211,Main Node,,52.249363999242966,21.068224177752953
24,ul. Szczęśliwa,Warsaw,RP,11,Main Node,,52.27403294026856,21.198346458488366
25,plac Kwiatowa,Warsaw,RP,24,Main Node,,52.28160594345947,21.185626126438184
26,ul. Srebrna,Warsaw,RP,712,Main Node,,52.25174440051572,21.199508466566662
27,pl. Łąkowa,Warsaw,RP,844,Main Node,,52.2335017418641,20.917178049525244
28,aleja Piwna,Warsaw,RP,99,Main Node,,52.240924227405294,21.083213280428858
29,ulica Piekarska,Warsaw,RP,59,Main Node,,52.27916511480117,21.01624916723059
30,ul. Makowa,Warsaw,RP,34,Main Node,,52.26803271313289,21.108029145420254
31,pl. Pałacowa,Warsaw,RP,585,Main Node,,52.20074607985764,21.15975781858518
32,ulica Partyzantów,Warsaw,RP,997,Main Node,,52.27853277177648,21.073999791391422
33,plac Wyzwolenia,Warsaw,RP,16,Main Node,,52.29217763104631,21.04185917278342
34,plac Średnia,Warsaw,RP,896,Main Node,,52.283285254038354,21.16999576748859
35,pl. Zdrojowa,Warsaw,RP,17,Main Node,,52.22053440270564,21.16255684954009
36,ulica Narcyzowa,Warsaw,RP,61,Main Node,,52.25814340252228,20.947530197827554
37,aleja Stroma,Warsaw,RP,16,Main Node,,52.28337372292663,21.148136449895926
38,plac Orla,Warsaw,RP,80,Main Node,,52.27648202167313,21.029808799822085
39,ul. Dworcowa,Warsaw,RP,935,Main Node,,52.26400018023298,20.997943734477335
40,al. Ptasia,Warsaw,RP,83,Main Node,,52.25648194733404,21.003690918662368
41,aleja Górna,Warsaw,RP,36,Main Node,,52.23555187101581,20.930110415686418
42,al. Maczka,Warsaw,RP,35,Main Node,,52.28022673710498,20.985853022796135
43,plac Topolowa,Warsaw,RP,229,Main Node,,52.27182268309887,20.907953919301853
44,ulica Lotnicza,Warsaw,RP,95,Main Node,,52.20279194890544,20.958840035294642
45,ulica Zdrojowa,Warsaw,RP,14,Main Node,,52.268651565264044,20.96298429008509
46,plac Irysowa,Warsaw,RP,84,Main Node,,52.24272227436943,21.07222368473917
47,ul. Leszczynowa,Warsaw,RP,212,Main Node,,52.28861312019912,21.106083229690572
48,pl. Kruczkowskiego,Warsaw,RP,63,Main Node,,52.24984738642368,20.917229673670743
49,aleja Mokra,Warsaw,RP,9,Main Node,,52.25114377529677,20.96095830727279
50,aleja Jaworowa,Warsaw,RP,47,Main Node,,52.22364908892844,21.176197673591968
51,al. Rolna,Warsaw,RP,139,Main Node,,52.26432054741291,21.10847687512123
52,al. Armii Krajowej,Warsaw,RP,90,Main Node,,52.20879973644394,21.184258513817106
53,aleja Makuszyńskiego,Warsaw,RP,74,Main Node,,52.222363106172075,20.967484129975666
54,al. Wiązowa,Warsaw,RP,141,Main Node,,52.22536620682036,21.110905208865532
55,ulica Głogowa,Warsaw,RP,187,Main Node,,52.2112087202624,21.1904625804244
56,plac Daleka,Warsaw,RP,483,Main Node,,52.29594753605468,21.02092559915713
57,ulica Rolnicza,Warsaw,RP,31,Main Node,,52.22500514497519,21.152627836915435
58,pl. Floriana,Warsaw,RP,21,Main Node,,52.29313222362296,21.071791164914487
59,plac Przemysłowa,Warsaw,RP,556,Main Node,,52.214430623196904,20.963849815175664
60,pl. Starowiejska,Warsaw,RP,62,Main Node,,52.29878296799046,21.09516682596796
61,ulica Truskawkowa,Warsaw,RP,68,Main Node,,52.28275459649664,20.996012644565457
62,plac Maczka,Warsaw,RP,402,Main Node,,52.25487518165385,20.953510984427048
63,aleja Wyszyńskiego,Warsaw,RP,9,Main Node,,52.25587353107111,21.076768801065647
64,al. Jadwigi,Warsaw,RP,123,Main Node,,52.22903859581247,20.995567742010586
65,ul. Miłosza,Warsaw,RP,91,Main Node,,52.255210569811496,21.182090703884914
66,aleja Czarnieckiego,Warsaw,RP,872,Main Node,,52.272906644299866,21.075605487332393
67,aleja Sikorskiego,Warsaw,RP,828,Main Node,,52.29317276310222,21.1617325478443
68,aleja Długa,Warsaw,RP,20,Main Node,,52.25360128690936,21.10749657277903
69,ulica Pszenna,Warsaw,RP,89,Main Node,,52.28006070656649,20.919934000861954
70,aleja Cegielniana,Warsaw,RP,20,Main Node,,52.21192966774499,20.992388558787823
71,aleja Narcyzowa,Warsaw,RP,59,Main Node,,52.24862030123111,20.973633527642505
72,pl. Malczewskiego,Warsaw,RP,11,Main Node,,52.22752850545865,21.16936794985905
73,al. Nowa,Warsaw,RP,74,Main Node,,52.20078110655635,21.01931684461752
74,ulica Zwycięstwa,Warsaw,RP,73,Main Node,,52.21172808093561,21.108033859469884
75,pl. Dolna,Warsaw,RP,33,Main Node,,52.24810461149989,21.004224018834513
76,aleja Podgórna,Warsaw,RP,105,Main Node,,52.23380649771753,21.01605835825704
77,ulica Wysoka,Warsaw,RP,53,Main Node,,52.26782175665077,20.978318657708357
78,ulica Rajska,Warsaw,RP,76,Main Node,,52.292331487428854,21.059939581884827
79,pl. Kolonia,Warsaw,RP,581,Main Node,,52.21423749595489,21.129759493545247
80,ulica Kazimierza Wielkiego,Warsaw,RP,78,Main Node,,52.261359548924105,21.12546615913535
81,ul. Żeromskiego,Warsaw,RP,482,Main Node,,52.230965792492775,21.041341995875893
82,pl. Makuszyńskiego,Warsaw,RP,12,Main Node,,52.22832206303556,20.95495998962022
83,plac Jana,Warsaw,RP,747,Main Node,,52.26264528690374,21.09193129950864
84,aleja Słonecznikowa,Warsaw,RP,928,Main Node,,52.29930893643811,21.098013500334137
85,ul. Miłosza,Warsaw,RP,94,Main Node,,52.21614431925599,21.034099424542983
86,al. Szeroka,Warsaw,RP,849,Main Node,,52.28828437253163,20.96530758068953
87,plac Grunwaldzka,Warsaw,RP,39,Main Node,,52.20243326640173,21.1890973407246
88,al. Dojazdowa,Warsaw,RP,772,Main Node,,52.28837856447942,21.083098471732246
89,ulica Królewska,Warsaw,RP,300,Main Node,,52.28085010521947,21.171980477835998
90,ulica Cedrowa,Warsaw,RP,14,Main Node,,52.29634673398625,21.133204420667365
91,ulica Traugutta,Warsaw,RP,92,Main Node,,52.24875193992875,20.954717661088793
92,ulica Okulickiego,Warsaw,RP,59,Main Node,,52.261493989290784,21.18730167497489
93,al. Matejki,Warsaw,RP,741,Main Node,,52.299070371437885,20.915713560133526
94,al. Ludowa,Warsaw,RP,376,Main Node,,52.28232138145475,20.921720418245844
95,al. Kosynierów,Warsaw,RP,843,Main Node,,52.27629940653046,20.96088987889883
96,ul. Kochanowskiego,Warsaw,RP,60,Main Node,,52.24085975615965,21.187046205933083
97,aleja Armii Krajowej,Warsaw,RP,830,Main Node,,52.220393992644055,21.14675567028517
98,ulica Górska,Warsaw,RP,43,Main Node,,52.22779655159722,20.93897925492464
99,ul. Witosa,Warsaw,RP,68,Main Node,,52.263311621520245,21.019650024743292
100,plac Harcerska,Warsaw,RP,56,Main Node,,52.2584554812593,21.10038996938327
101,plac Tulipanowa,Warsaw,RP,52,Main Node,,52.2109224381306,21.00811016955582
102,aleja Kołłątaja,Warsaw,RP,25,Main Node,,52.28364372963336,20.940310073411613
103,plac Leśna,Warsaw,RP,915,Main Node,,52.27093198226164,20.952873516829403
104,plac Konopnickiej,Warsaw,RP,126,Main Node,,52.20435972762748,21.08402865492232
105,ulica Księżycowa,Warsaw,RP,941,Main Node,,52.280582073570514,21.106467553585585
106,ul. Piwna,Warsaw,RP,137,Main Node,,52.233524986779685,20.963596934703205
107,ulica Zacisze,Warsaw,RP,823,Main Node,,52.244793091512115,21.135399068455325
108,ulica Floriana,Warsaw,RP,58,Main Node,,52.25799965826254,20.927393746345672
109,pl. Ogrodowa,Warsaw,RP,44,Main Node,,52.23759280584277,21.010603135960938
110,ul. Żytnia,Warsaw,RP,455,Main Node,,52.24630282183227,21.046541775643885
111,plac Szymanowskiego,Warsaw,RP,61,Main Node,,52.280016417983646,20.998808036519236
112,ul. Kolonia,Warsaw,RP,740,Main Node,,52.284517447823475,21.050372355864706
113,al. Skłodowskiej-Curie,Warsaw,RP,794,Main Node,,52.28459893595737,21.144303428233602
114,ul. Jesionowa,Warsaw,RP,425,Main Node,,52.26801931429027,21.079796205849867
115,ulica Okrzei,Warsaw,RP,367,Main Node,,52.219740316734175,21.077145492587203
116,plac Owocowa,Warsaw,RP,99,Main Node,,52.27420463980571,21.054806182102336
117,pl. Turystyczna,Warsaw,RP,49,Main Node,,52.22574229310449,21.067521068351986
118,ulica Krótka,Warsaw,RP,706,Main Node,,52.225181501195394,20.954017177347197
119,plac Olchowa,Warsaw,RP,847,Main Node,,52.25408912897174,21.053212721666725
120,aleja Listopada,Warsaw,RP,81,Main Node,,52.20591517440479,21.084870674796484
121,pl. Zbożowa,Warsaw,RP,83,Main Node,,52.247469620243564,21.18803770362536
122,aleja Powstańców Śląskich,Warsaw,RP,13,Main Node,,52.25468768354739,21.020668061960208
123,ulica Okrzei,Warsaw,RP,697,Main Node,,52.27694883396411,21.060229804974785
124,pl. Majowa,Warsaw,RP,28,Main Node,,52.276693033016976,21.154439376888995
125,pl. Kamienna,Warsaw,RP,15,Main Node,,52.28294177925509,21.0237860151481
126,aleja Świerczewskiego,Warsaw,RP,30,Main Node,,52.26645970912549,20.908052304519554
127,plac Solidarnosci,Warsaw,RP,49,Main Node,,52.268172319058706,21.148483021211113
128,plac Słowicza,Warsaw,RP,617,Main Node,,52.259045968367424,21.045666448132994
129,ulica Konstytucji 3 Maja,Warsaw,RP,424,Main Node,,52.27609735736434,21.1758919265634
130,ul. Lisia,Warsaw,RP,902,Main Node,,52.27762413184731,20.984428421475624
131,al. Kościuszki,Warsaw,RP,906,Main Node,,52.29154575658698,21.144846441204745
132,al. Rolnicza,Warsaw,RP,4,Main Node,,52.243920187617164,21.140068589342263
133,ulica Mazurska,Warsaw,RP,335,Main Node,,52.20792814796542,21.02574041314414
134,ulica Wybickiego,Warsaw,RP,54,Main Node,,52.29150810939087,21.13861064105844
135,pl. Okulickiego,Warsaw,RP,508,Main Node,,52.25539436134188,21.036130868011146
136,ulica Orzeszkowej,Warsaw,RP,269,Main Node,,52.25482811200131,21.030006563267424
137,ulica Mazurska,Warsaw,RP,749,Main Node,,52.264055845775125,21.127418835248967
138,pl. Słoneczna,Warsaw,RP,68,Main Node,,52.264679925721346,21.0343177707621
139,aleja Jaworowa,Warsaw,RP,14,Main Node,,52.20264886018664,21.15377602435514
140,ulica Szymanowskiego,Warsaw,RP,68,Main Node,,52.259446963927985,21.093265931157383
141,ul. Bolesława Chrobrego,Warsaw,RP,385,Main Node,,52.27059930255972,21.1011546457288
142,aleja Poprzeczna,Warsaw,RP,50,Main Node,,52.27534701983156,20.982176954148525
143,plac Skargi,Warsaw,RP,13,Main Node,,52.29762504466517,21.001187886832582
144,pl. Mazurska,Warsaw,RP,234,Main Node,,52.29804014816378,20.994881982674237
145,plac Liliowa,Warsaw,RP,17,Main Node,,52.27475960634068,21.051163489975533
146,ulica Nałkowskiej,Warsaw,RP,75,Main Node,,52.24316832394996,20.90046611982816
147,al. Księżycowa,Warsaw,RP,354,Main Node,,52.27879320193201,20.946793308965383
148,ulica Królewska,Warsaw,RP,55,Main Node,,52.277593993735906,21.087536054613015
149,pl. Wojciecha,Warsaw,RP,14,Main Node,,52.27865290263457,20.971583069944806
150,ulica Jodłowa,Warsaw,RP,64,Main Node,,52.26138012269732,20.990477655286863
151,pl. Korczaka,Warsaw,RP,70,Main Node,,52.24349354312042,21.18105440167476
152,plac Koralowa,Warsaw,RP,50,Main Node,,52.21017481423106,20.925869963254446
153,pl. Liliowa,Warsaw,RP,17,Main Node,,52.20990731395697,21.075261947623716
154,plac Mazowiecka,Warsaw,RP,47,Main Node,,52.200544562409114,21.182698594706228
155,plac Fredry,Warsaw,RP,81,Main Node,,52.29571470697519,21.05101926377403
156,ul. Modrzewiowa,Warsaw,RP,74,Main Node,,52.28807282302337,21.199121118883838
157,aleja Batalionów Chłopskich,Warsaw,RP,92,Main Node,,52.257525161968395,21.173899591400144
158,aleja Krańcowa,Warsaw,RP,67,Main Node,,52.263952603846086,21.00462692238587
159,al. Jana III Sobieskiego,Warsaw,RP,49,Main Node,,52.294541444100325,21.1995919273532
160,al. Owocowa,Warsaw,RP,324,Main Node,,52.23104319452308,20.961380734602276
161,ul. Niepodległości,Warsaw,RP,661,Main Node,,52.25701919541775,20.999277196219932
162,ul. Rzeczna,Warsaw,RP,55,Main Node,,52.22140690318057,20.933041141014755
163,al. Żeglarska,Warsaw,RP,551,Main Node,,52.29183458760645,21.025305262638593
164,ulica Jaworowa,Warsaw,RP,433,Main Node,,52.24217697726021,20.94474853481789
165,aleja Czarnieckiego,Warsaw,RP,39,Main Node,,52.28843096283869,21.122705503162912
166,ulica Kolejowa,Warsaw,RP,942,Main Node,,52.22527563267946,21.117750285368697
167,plac Reja,Warsaw,RP,61,Main Node,,52.241351766513624,21.016944420279746
168,plac Asnyka,Warsaw,RP,17,Main Node,,52.29852003238665,21.082670522649718
169,ulica Dolna,Warsaw,RP,616,Main Node,,52.28699068573371,21.054011134903774
170,al. Graniczna,Warsaw,RP,49,Main Node,,52.27303486966403,21.05849948717621
171,pl. Mokra,Warsaw,RP,48,Main Node,,52.28114282507397,21.142238119664057
172,pl. Narcyzowa,Warsaw,RP,92,Main Node,,52.294539172331504,20.90402577683942
173,ulica Klonowa,Warsaw,RP,12,Main Node,,52.213592288382934,21.18004766316007
174,plac Jabłoniowa,Warsaw,RP,99,Main Node,,52.26971682362621,21.15533990528502
175,ulica Nałkowskiej,Warsaw,RP,77,Main Node,,52.24012030685504,20.934859721089428
176,ulica Kamienna,Warsaw,RP,8,Main Node,,52.242063397003854,21.04574691295563
177,pl. Stycznia,Warsaw,RP,79,Main Node,,52.22033555098141,21.06795304239966
178,pl. Kwiatowa,Warsaw,RP,44,Main Node,,52.271262874689995,20.930991040290362
179,ul. Solidarnosci,Warsaw,RP,580,Main Node,,52.2280667490514,21.0667288280671
180,al. Miodowa,Warsaw,RP,28,Main Node,,52.26580037788216,21.141316889483683
181,aleja Prosta,Warsaw,RP,44,Main Node,,52.23255406767921,21.023627106378427
182,al. Stolarska,Warsaw,RP,88,Main Node,,52.25616047844197,21.07186133782534
183,al. Widokowa,Warsaw,RP,40,Main Node,,52.23856559448137,20.911162917580782
184,ul. Graniczna,Warsaw,RP,79,Main Node,,52.20754642036714,20.981713979499585
185,pl. Rejtana,Warsaw,RP,34,Main Node,,52.23471731936529,20.9644463269166
186,plac Bolesława Krzywoustego,Warsaw,RP,50,Main Node,,52.25971576113305,21.04428925590728
187,aleja Piłsudskiego,Warsaw,RP,31,Main Node,,52.29987929120008,20.908531290775255
188,aleja Broniewskiego,Warsaw,RP,62,Main Node,,52.23540877661903,21.168427262155475
189,al. Składowa,Warsaw,RP,36,Main Node,,52.28586163800085,21.126181597239462
190,aleja Słowackiego,Warsaw,RP,68,Main Node,,52.287281212137756,21.177469854249125
191,ul. Starowiejska,Warsaw,RP,2,Main Node,,52.277819660303905,21.171164491356826
192,ulica Wypoczynkowa,Warsaw,RP,490,Main Node,,52.224927571605065,21.102802896379334
193,aleja Wczasowa,Warsaw,RP,310,Main Node,,52.26881051201667,20.991201605673442
194,al. Daleka,Warsaw,RP,195,Main Node,,52.27352976602577,20.9325306695818
195,ulica Pułaskiego,Warsaw,RP,73,Main Node,,52.21070490042283,21.183433910588437
196,pl. Okulickiego,Warsaw,RP,14,Main Node,,52.297180833014224,20.983331272607302
197,al. Tulipanowa,Warsaw,RP,62,Main Node,,52.243343895580765,21.026584661471524
198,aleja Rzemieślnicza,Warsaw,RP,24,Main Node,,52.209969260218124,21.110738487596784
199,ulica Maja,Warsaw,RP,27,Main Node,,52.28829810356242,20.95406531372077
200,al. Głowackiego,Warsaw,RP,858,Main Node,,52.29953939068175,21.188252191219277
201,ulica Krokusowa,Warsaw,RP,843,Main Node,,52.210190361528156,21.01359577145377
202,ulica Kolonia,Warsaw,RP,31,Main Node,,52.29262715820914,21.147785113881334
203,aleja Akacjowa,Warsaw,RP,3,Main Node,,52.20757961606625,21.076489572530825
204,al. Olchowa,Warsaw,RP,490,Main Node,,52.287054270084305,20.980016160571534
205,plac Południowa,Warsaw,RP,17,Main Node,,52.27492929615924,21.019309422197814
206,ulica Porzeczkowa,Warsaw,RP,35,Main Node,,52.2049530998614,21.039236611554937
207,aleja Kusocińskiego,Warsaw,RP,53,Main Node,,52.23283362212088,21.014412773377813
208,al. Klonowa,Warsaw,RP,817,Main Node,,52.24309546738862,21.046628480600592
209,al. Jana Pawła II,Warsaw,RP,83,Main Node,,52.298572781645696,21.13738974900767
210,plac Ceglana,Warsaw,RP,518,Main Node,,52.28197140419044,21.077971429034022
211,al. Tysiąclecia,Warsaw,RP,678,Main Node,,52.23515846650905,21.175439846777827
212,ulica Owocowa,Warsaw,RP,229,Main Node,,52.20222104675889,21.195927784664562
213,pl. Bankowa,Warsaw,RP,13,Main Node,,52.20536431062159,21.030050259160905
214,plac Lawendowa,Warsaw,RP,484,Main Node,,52.26327783699919,20.92112267692996
215,pl. Powstańców Wielkopolskich,Warsaw,RP,43,Main Node,,52.27832992104113,21.03472611308411
216,ulica Podleśna,Warsaw,RP,28,Main Node,,52.251219599695595,20.90365528774998
217,ulica Konarskiego,Warsaw,RP,1,Main Node,,52.20786810286379,21.030473563562808
218,pl. Słonecznikowa,Warsaw,RP,58,Main Node,,52.28619445132379,21.1749969382546
219,ul. Klonowa,Warsaw,RP,59,Main Node,,52.294602296659235,21.11352666426562
220,plac Podmiejska,Warsaw,RP,31,Main Node,,52.28516279740361,20.925233510784608
221,aleja Andersa,Warsaw,RP,66,Main Node,,52.203578412405115,21.193996654105252
222,aleja Kraszewskiego,Warsaw,RP,39,Main Node,,52.25709151060849,21.029011543376008
223,ulica Szymanowskiego,Warsaw,RP,133,Main Node,,52.23106011488686,21.022009585577
224,plac Młyńska,Warsaw,RP,16,Main Node,,52.28404521252526,21.00746752303929
225,pl. Lotnicza,Warsaw,RP,13,Main Node,,52.27833393602422,21.039321939126285
226,aleja Mieszka I,Warsaw,RP,936,Main Node,,52.223755073297625,21.100690188005075
227,pl. Plażowa,Warsaw,RP,80,Main Node,,52.23288391304247,20.96332666893645
228,ulica Kościuszki,Warsaw,RP,217,Main Node,,52.21302656655432,21.021216749703854
229,aleja Wrzosowa,Warsaw,RP,53,Main Node,,52.26491645833007,21.126909994205054
230,ulica Jastrzębia,Warsaw,RP,52,Main Node,,52.242272011124086,21.18068915719585
231,plac Rynek,Warsaw,RP,245,Main Node,,52.22616490000777,20.976174159401445
232,ul. Słowicza,Warsaw,RP,46,Main Node,,52.268309917013504,21.036296707033433
233,aleja Ludowa,Warsaw,RP,6,Main Node,,52.21504713045943,21.025070738699334
234,al. Kruczkowskiego,Warsaw,RP,47,Main Node,,52.216911523451735,21.167198298612355
235,al. Królewska,Warsaw,RP,536,Main Node,,52.268514603284046,20.998461934512914
236,ulica Jesienna,Warsaw,RP,12,Main Node,,52.27940212650267,21.065683302658982
237,al. Broniewskiego,Warsaw,RP,38,Main Node,,52.2190848621091,20.95042772673885
238,plac Pszenna,Warsaw,RP,38,Main Node,,52.21048667522173,21.13871239534273
239,aleja Jana III Sobieskiego,Warsaw,RP,78,Main Node,,52.253081206976596,21.149884746249214
240,ulica Rolna,Warsaw,RP,85,Main Node,,52.29581052512935,21.116795878443313
241,ulica Śląska,Warsaw,RP,47,Main Node,,52.28840566367718,21.06706982636382
242,ulica Listopada,Warsaw,RP,562,Main Node,,52.22197225376372,20.97892833519463
243,pl. Olchowa,Warsaw,RP,3,Main Node,,52.25569711945608,21.187324104101844
244,aleja Jana Pawła II,Warsaw,RP,98,Main Node,,52.284074093167824,20.954780283750637
245,aleja Andersa,Warsaw,RP,26,Main Node,,52.217872921896685,20.908779940231472
246,ulica Jeziorna,Warsaw,RP,53,Main Node,,52.201128592118536,21.066028773451684
247,aleja Browarna,Warsaw,RP,3,Main Node,,52.2010346275098,20.921656670003696
248,al. Brzechwy,Warsaw,RP,67,Main Node,,52.29636854251112,21.068788756928814
249,ul. Szmaragdowa,Warsaw,RP,77,Main Node,,52.253348673409285,21.087022150371716
250,plac Rumiankowa,Warsaw,RP,988,Main Node,,52.29311711504613,21.11511982574522
251,ul. Piwna,Warsaw,RP,88,Main Node,,52.28748242197551,21.086344471256247
252,plac Tuwima,Warsaw,RP,861,Main Node,,52.26661407282567,21.019945320268928
253,ul. Świerczewskiego,Warsaw,RP,614,Main Node,,52.243950479190254,20.905189056765916
254,ul. Srebrna,Warsaw,RP,324,Main Node,,52.28658506485815,20.957275604381223
255,aleja Boczna,Warsaw,RP,86,Main Node,,52.26677274898782,21.02728177930887
256,aleja Narutowicza,Warsaw,RP,37,Main Node,,52.24084890748377,21.158934270976133
257,pl. Gołębia,Warsaw,RP,987,Main Node,,52.25386835228464,21.02945388380979
258,al. Kraszewskiego,Warsaw,RP,89,Main Node,,52.21831989048658,21.157583595733733
259,ul. Dobra,Warsaw,RP,6,Main Node,,52.29143159061264,21.085028040148966
260,ulica Rubinowa,Warsaw,RP,220,Main Node,,52.287379074467445,21.11701452137913
261,aleja Szkolna,Warsaw,RP,59,Main Node,,52.216607322838286,21.050176097872864
262,aleja Zielna,Warsaw,RP,8,Main Node,,52.24758267435305,21.075244382787783
263,aleja Powstańców Wielkopolskich,Warsaw,RP,69,Main Node,,52.22901484107581,20.913448658794337
264,pl. Orzeszkowej,Warsaw,RP,44,Main Node,,52.22104954161039,21.127015437441706
265,ulica Koralowa,Warsaw,RP,63,Main Node,,52.26807599421449,20.96474726279523
266,plac Wiązowa,Warsaw,RP,362,Main Node,,52.27812576825297,21.132668788989715
267,ul. Jana Pawła II,Warsaw,RP,22,Main Node,,52.22564865523147,21.04227372456314
268,plac Kaliska,Warsaw,RP,433,Main Node,,52.21650977388941,21.187729064661163
269,plac Krzywa,Warsaw,RP,27,Main Node,,52.21262082545135,21.117327176160412
270,pl. Gałczynskiego,Warsaw,RP,455,Main Node,,52.2475491446661,21.08377775747587
271,pl. Miodowa,Warsaw,RP,98,Main Node,,52.22967728867114,20.95129610723427
272,al. Drzymały,Warsaw,RP,148,Main Node,,52.23944475546117,20.951652933771935
273,ul. Asnyka,Warsaw,RP,49,Main Node,,52.20101056568362,20.99999386041047
274,ulica Kolonia,Warsaw,RP,62,Main Node,,52.26066296134772,20.94963725390065
275,pl. Rubinowa,Warsaw,RP,34,Main Node,,52.27114193816706,21.064510387025372
276,ulica Przechodnia,Warsaw,RP,39,Main Node,,52.28066376756104,20.97596169158662
277,aleja Kruczkowskiego,Warsaw,RP,656,Main Node,,52.25717512384837,21.17173747812836
278,al. Reja,Warsaw,RP,65,Main Node,,52.24769609373452,21.08409607616197
279,ul. Głowackiego,Warsaw,RP,0,Main Node,,52.290388591351636,21.02999260627877
280,aleja Rózana,Warsaw,RP,22,Main Node,,52.23343640983755,21.051930269868986
281,ulica Kaszubska,Warsaw,RP,138,Main Node,,52.28110300939382,21.137128696862156
282,aleja Waryńskiego,Warsaw,RP,3,Main Node,,52.219233581698894,21.152609411611635
283,ulica Solidarnosci,Warsaw,RP,271,Main Node,,52.25010432282459,20.980334787565276
284,al. Wysoka,Warsaw,RP,137,Main Node,,52.20558191487793,21.084986525917678
285,ulica Jabłoniowa,Warsaw,RP,6,Main Node,,52.27159102779749,20.916746110789056
286,pl. Bolesława Krzywoustego,Warsaw,RP,215,Main Node,,52.23602840330048,21.079169457525122
287,aleja Gdańska,Warsaw,RP,664,Main Node,,52.22734699998546,21.099519779845256
288,ulica Rzeczna,Warsaw,RP,96,Main Node,,52.20680896610634,20.957094905198524
289,plac Dąbrowskiej,Warsaw,RP,914,Main Node,,52.2927594435544,21.032457534592925
290,plac Krótka,Warsaw,RP,69,Main Node,,52.20016588590028,21.191165802344088
291,aleja Agrestowa,Warsaw,RP,75,Main Node,,52.24320436583145,20.9708752224763
292,plac Kolonia,Warsaw,RP,334,Main Node,,52.23731854346544,21.095529190768445
293,plac Wieniawskiego,Warsaw,RP,88,Main Node,,52.25488957413212,21.166961281171158
294,plac Konarskiego,Warsaw,RP,3,Main Node,,52.24682956621663,21.126459739724105
295,aleja Gałczynskiego,Warsaw,RP,14,Main Node,,52.25691563459935,21.132846728192963
296,ulica Jasna,Warsaw,RP,59,Main Node,,52.26132878007969,20.937841410077795
297,al. Południowa,Warsaw,RP,15,Main Node,,52.261025211206714,21.13875433813785
298,aleja Jaśminowa,Warsaw,RP,848,Main Node,,52.263431119908645,21.071767052088465
299,pl. Słowicza,Warsaw,RP,94,Main Node,,52.26573491337933,20.990785272932843
300,pl. Bolesława Chrobrego,Warsaw,RP,5,Main Node,,52.28174283205825,20.93905463929352
301,aleja Łanowa,Warsaw,RP,3,Main Node,,52.23181998460432,20.913514269060617
302,al. Owocowa,Warsaw,RP,84,Main Node,,52.27726026469356,21.034536092036188
303,al. Słowackiego,Warsaw,RP,87,Main Node,,52.29152121267926,20.937961856868228
304,ul. Wąska,Warsaw,RP,74,Main Node,,52.205521007179335,21.104697604005494
305,al. Listopada,Warsaw,RP,931,Main Node,,52.2356501475228,21.19935561071252
306,al. Jana Pawła II,Warsaw,RP,69,Main Node,,52.29433644523757,21.13016668691857
307,plac Ciasna,Warsaw,RP,62,Main Node,,52.200875602750656,20.983264644566844
308,pl. Prusa,Warsaw,RP,587,Main Node,,52.28385703816444,21.053347101247294
309,al. Łabędzia,Warsaw,RP,56,Main Node,,52.20677746024086,21.065626508364353
310,ulica Fabryczna,Warsaw,RP,685,Main Node,,52.23273172356857,20.99664723586685
311,aleja Rejtana,Warsaw,RP,6,Main Node,,52.243167918896184,20.930803387285764
312,ul. Irysowa,Warsaw,RP,71,Main Node,,52.26065520986551,20.950298079901106
313,pl. Kościelna,Warsaw,RP,1,Main Node,,52.221037533627225,21.09403580770575
314,pl. Miłosza,Warsaw,RP,431,Main Node,,52.22220934977734,21.175591584364607
315,plac Zielona,Warsaw,RP,671,Main Node,,52.26879586476476,21.127262684077586
316,al. Jaworowa,Warsaw,RP,57,Main Node,,52.29038389644381,21.15986571972406
317,plac Źródlana,Warsaw,RP,32,Main Node,,52.20415047335262,21.14703744371763
318,aleja Sybiraków,Warsaw,RP,59,Main Node,,52.25551251481637,21.11052978420809
319,plac Kamienna,Warsaw,RP,76,Main Node,,52.26017830113728,20.953537811407354
320,aleja Młynarska,Warsaw,RP,56,Main Node,,52.270085861814046,20.978945822893326
321,ul. Błękitna,Warsaw,RP,23,Main Node,,52.28843199295148,21.163967926806055
322,ul. Szpitalna,Warsaw,RP,44,Main Node,,52.200399448929566,21.144290135779062
323,ulica Parkowa,Warsaw,RP,74,Main Node,,52.23883315724543,21.042137375809656
324,pl. Miarki,Warsaw,RP,585,Main Node,,52.24689899061862,21.067010232250873
325,pl. Kosynierów,Warsaw,RP,3,Main Node,,52.227122323134964,20.99821031574173
326,al. Stycznia,Warsaw,RP,82,Main Node,,52.20415189073816,21.022971403489862
327,plac Łąkowa,Warsaw,RP,45,Main Node,,52.25735855996608,21.13920236436321
328,ulica Porzeczkowa,Warsaw,RP,36,Main Node,,52.28229311778338,20.96607400611701
329,ulica Stroma,Warsaw,RP,2,Main Node,,52.26089678661085,21.146319934925486
330,al. Podwale,Warsaw,RP,79,Main Node,,52.24355709667311,21.095119109805452
331,al. Dębowa,Warsaw,RP,7,Main Node,,52.20569062557841,21.05848568573472
332,pl. Zamkowa,Warsaw,RP,637,Main Node,,52.23730061622977,20.9000465510706
333,pl. Sportowa,Warsaw,RP,41,Main Node,,52.20186126094221,21.182290262877927
334,ul. Jana Pawła II,Warsaw,RP,78,Main Node,,52.2211513232305,21.038322402376654
335,al. Wiejska,Warsaw,RP,95,Main Node,,52.22857609322163,20.94182591023572
336,ul. Wodna,Warsaw,RP,68,Main Node,,52.28915183280016,21.177900012131975
337,plac Robotnicza,Warsaw,RP,33,Main Node,,52.25494596782312,21.101109663435317
338,ulica Wolności,Warsaw,RP,44,Main Node,,52.20396274832297,21.171567195602822
339,aleja Owocowa,Warsaw,RP,84,Main Node,,52.242568137818445,21.155954684393873
340,ulica Rózana,Warsaw,RP,69,Main Node,,52.21984923452788,21.186569459327053
341,al. Zaciszna,Warsaw,RP,28,Main Node,,52.205430458757604,21.066064542291514
342,pl. Krańcowa,Warsaw,RP,38,Main Node,,52.260917547561725,20.905276847274635
343,ul. Kossaka,Warsaw,RP,92,Main Node,,52.222597881184946,21.172105271604472
344,ulica Skargi,Warsaw,RP,23,Main Node,,52.25290577374547,21.043961376566234
345,ulica Kochanowskiego,Warsaw,RP,6,Main Node,,52.23231583060197,20.925363979385722
346,pl. Konstytucji 3 Maja,Warsaw,RP,95,Main Node,,52.28977864894347,20.94197243157876
347,plac Miarki,Warsaw,RP,51,Main Node,,52.27606693313881,21.180584561923375
348,plac Rzemieślnicza,Warsaw,RP,293,Main Node,,52.258083870387644,21.103968130853584
349,ul. Górnicza,Warsaw,RP,65,Main Node,,52.24784564262208,21.172904836198672
350,ul. Witosa,Warsaw,RP,53,Main Node,,52.284103824091915,20.99209937243597
351,aleja Mostowa,Warsaw,RP,53,Main Node,,52.25754541106534,21.11350090081405
352,ul. Rózana,Warsaw,RP,58,Main Node,,52.284842498474795,21.07954876624813
353,ulica Willowa,Warsaw,RP,49,Main Node,,52.27058841683156,21.102666529777245
354,ul. Czereśniowa,Warsaw,RP,50,Main Node,,52.261020571466624,20.99961329050269
355,plac Nadrzeczna,Warsaw,RP,11,Main Node,,52.26844410759737,21.08113558544417
356,plac Majowa,Warsaw,RP,79,Main Node,,52.26087299802167,20.96871619834869
357,al. Radosna,Warsaw,RP,22,Main Node,,52.24641686684048,21.13664718693011
358,ulica Tęczowa,Warsaw,RP,316,Main Node,,52.275411861383795,20.916934683656155
359,pl. Tuwima,Warsaw,RP,73,Main Node,,52.22609543782705,21.126138625258456
360,ulica Bolesława Krzywoustego,Warsaw,RP,53,Main Node,,52.24821449844007,21.051680272107028
361,al. Klonowa,Warsaw,RP,44,Main Node,,52.2637229270024,21.005996388090182
362,plac Kruczkowskiego,Warsaw,RP,32,Main Node,,52.238275605549944,20.993461585669046
363,aleja Cisowa,Warsaw,RP,39,Main Node,,52.21720687033891,21.0859063266822
364,ul. Ściegiennego,Warsaw,RP,83,Main Node,,52.25583899810226,21.036618376136687
365,plac Kasztanowa,Warsaw,RP,142,Main Node,,52.25245287742506,20.97936909427134
366,aleja Powstańców Śląskich,Warsaw,RP,178,Main Node,,52.27987504299087,21.029895541573847
367,al. Perłowa,Warsaw,RP,48,Main Node,,52.236088168652635,21.106405155218763
368,ulica Sucharskiego,Warsaw,RP,13,Main Node,,52.28935514468563,20.954764604469535
369,al. Dworska,Warsaw,RP,4,Main Node,,52.226967541555354,20.90889266680524
370,plac Szpitalna,Warsaw,RP,51,Main Node,,52.2615712485292,20.983674959131324
371,plac Jałowcowa,Warsaw,RP,573,Main Node,,52.24186231181944,21.08916716517322
372,pl. Owocowa,Warsaw,RP,436,Main Node,,52.20860659912229,21.00792339532519
373,al. Kilińskiego,Warsaw,RP,19,Main Node,,52.23328361527008,21.029610106854314
374,ul. Partyzantów,Warsaw,RP,6,Main Node,,52.230312462122725,21.0910964686734
375,pl. Graniczna,Warsaw,RP,76,Main Node,,52.244143196022485,21.048120700279757
376,al. Stolarska,Warsaw,RP,5,Main Node,,52.27150419271469,21.029076093705136
377,al. Wiejska,Warsaw,RP,278,Main Node,,52.20338456192279,20.98487174471112
378,aleja Leśna,Warsaw,RP,747,Main Node,,52.28260835924513,21.069395001853014
379,pl. Okrzei,Warsaw,RP,69,Main Node,,52.28770696396195,21.069007898383504
380,pl. Listopada,Warsaw,RP,67,Main Node,,52.27766851918527,21.02532747963821
381,pl. Długa,Warsaw,RP,71,Main Node,,52.203438600571495,21.01257908233515
382,ul. Kreta,Warsaw,RP,92,Main Node,,52.24050229118277,21.02081467463588
383,aleja Ludowa,Warsaw,RP,19,Main Node,,52.25218553997604,21.14016441911835
384,al. Ciasna,Warsaw,RP,296,Main Node,,52.25730670757659,20.97246818528782
385,pl. Podwale,Warsaw,RP,4,Main Node,,52.25215403808186,21.183527184815635
386,ulica Floriana,Warsaw,RP,53,Main Node,,52.25490159626224,21.1851251318831
387,pl. Wróblewskiego,Warsaw,RP,43,Main Node,,52.22717356769479,21.135565363770937
388,pl. Królewska,Warsaw,RP,56,Main Node,,52.24737127190479,20.98400552655403
389,ul. Rycerska,Warsaw,RP,55,Main Node,,52.22009368331003,21.081269856447793
390,al. Wiatraczna,Warsaw,RP,17,Main Node,,52.205528398790406,20.97711183412368
391,ul. Akacjowa,Warsaw,RP,27,Main Node,,52.25492515891985,21.013387979379246
392,al. Sucharskiego,Warsaw,RP,459,Main Node,,52.229778195492656,21.022548364881136
393,al. Kielecka,Warsaw,RP,331,Main Node,,52.25132450387503,21.181112704465715
394,ulica Sienkiewicza,Warsaw,RP,227,Main Node,,52.26045898103079,20.94682742360174
395,aleja Nowa,Warsaw,RP,919,Main Node,,52.2178771241649,21.13203732218166
396,al. Jana Pawła II,Warsaw,RP,65,Main Node,,52.27089756594853,21.11149833556349
397,plac Turkusowa,Warsaw,RP,21,Main Node,,52.295242496819235,21.191440048262944
398,al. Boczna,Warsaw,RP,239,Main Node,,52.259476567328846,21.021193736631425
399,pl. Piaskowa,Warsaw,RP,72,Main Node,,52.26590850005381,21.027604718594905
400,aleja Wodna,Warsaw,RP,183,Main Node,,52.22571723435499,21.106437618160946
401,plac Morcinka,Warsaw,RP,35,Main Node,,52.298387911415745,21.00234194680768
402,ulica Lipca,Warsaw,RP,70,Main Node,,52.24908451732381,21.11814389268124
403,aleja Sikorskiego,Warsaw,RP,317,Main Node,,52.223198727091535,21.193105926369505
404,ulica Jasna,Warsaw,RP,47,Main Node,,52.270778505232606,21.116136220866622
405,plac Bydgoska,Warsaw,RP,67,Main Node,,52.2436016684615,21.18488890014793
406,pl. Czereśniowa,Warsaw,RP,876,Main Node,,52.25314354494944,20.913350189896008
407,ul. Wyspiańskiego,Warsaw,RP,629,Main Node,,52.28698492071158,21.097331347058617
408,aleja Ściegiennego,Warsaw,RP,417,Main Node,,52.21388374990995,21.10546705906625
409,ulica Rzemieślnicza,Warsaw,RP,980,Main Node,,52.271481364259635,21.05787949348215
410,aleja Spółdzielcza,Warsaw,RP,30,Main Node,,52.284383584673186,21.118443681531154
411,plac Rejtana,Warsaw,RP,39,Main Node,,52.23506495331559,20.9446000062223
412,ulica Mieszka I,Warsaw,RP,78,Main Node,,52.2578719872734,21.0986557700352
413,plac Reja,Warsaw,RP,612,Main Node,,52.20851672113781,21.153563400789945
414,al. Fabryczna,Warsaw,RP,418,Main Node,,52.25609253762204,21.14774335327649
415,pl. Sowia,Warsaw,RP,457,Main Node,,52.27736485885794,21.127948550231274
416,ulica Górnicza,Warsaw,RP,77,Main Node,,52.231936941609845,20.975813152209472
417,al. Jeżynowa,Warsaw,RP,37,Main Node,,52.22772690920887,21.138782797415892
418,plac Bukowa,Warsaw,RP,93,Main Node,,52.264018600985004,20.951639681359957
419,plac Piękna,Warsaw,RP,225,Main Node,,52.234409310428205,21.052368504763336
420,al. Armii Krajowej,Warsaw,RP,30,Main Node,,52.27668327075206,21.07116268234273
421,plac Wałowa,Warsaw,RP,877,Main Node,,52.291048259451856,20.944767820171947
422,aleja Dąbrowskiej,Warsaw,RP,185,Main Node,,52.27638640362837,21.136604001339293
423,pl. Krasińskiego,Warsaw,RP,295,Main Node,,52.29198886628132,20.908089894607915
424,aleja Wyzwolenia,Warsaw,RP,61,Main Node,,52.28979418224797,21.093335865355268
425,ul. Spacerowa,Warsaw,RP,4,Main Node,,52.25358548751919,21.021650930040266
426,al. Widok,Warsaw,RP,869,Main Node,,52.2446743443783,21.13296325952654
427,ulica Pułaskiego,Warsaw,RP,88,Main Node,,52.24816807010154,20.975961185066332
428,plac Jaskółcza,Warsaw,RP,54,Main Node,,52.234440423869955,20.93008304175851
429,aleja Malinowa,Warsaw,RP,33,Main Node,,52.22430579282859,21.018379910895742
430,ul. Orkana,Warsaw,RP,73,Main Node,,52.203946911671956,20.976440499417407
431,ul. Głowackiego,Warsaw,RP,85,Main Node,,52.285047544180024,21.058680429092817
432,pl. Ciasna,Warsaw,RP,14,Main Node,,52.20240321326337,21.173897707709614
433,ulica Sokola,Warsaw,RP,197,Main Node,,52.28341256828148,20.964324289424102
434,al. Kołłątaja,Warsaw,RP,26,Main Node,,52.22997194537709,21.196591052910698
435,al. Prosta,Warsaw,RP,1,Main Node,,52.20229599418677,21.008804650593127
436,plac Skośna,Warsaw,RP,729,Main Node,,52.26937862594553,20.959527754965844
437,ulica Rajska,Warsaw,RP,37,Main Node,,52.20399956440366,20.94712307088281
438,plac Korczaka,Warsaw,RP,917,Main Node,,52.229160009013135,20.96089139311143
439,ul. Niepodległości,Warsaw,RP,94,Main Node,,52.25176443878775,20.920440133822506
440,pl. Sosnowa,Warsaw,RP,443,Main Node,,52.241627951222945,21.07160927257672
441,ul. Pałacowa,Warsaw,RP,57,Main Node,,52.244086083115285,20.904125653922904
442,al. Południowa,Warsaw,RP,504,Main Node,,52.213372795543,21.17710178940729
443,plac Floriana,Warsaw,RP,12,Main Node,,52.20018041330147,21.079835210814444
444,pl. Jana III Sobieskiego,Warsaw,RP,721,Main Node,,52.28475816564692,21.142868589442646
445,ul. Sawickiej,Warsaw,RP,92,Main Node,,52.20070307675216,21.006516542542155
446,ulica Srebrna,Warsaw,RP,69,Main Node,,52.26624239120271,20.952419828279773
447,aleja Targowa,Warsaw,RP,2,Main Node,,52.200628389235455,21.09137438153219
448,ulica Narutowicza,Warsaw,RP,594,Main Node,,52.20317595060808,21.123049871353835
449,ul. Andersa,Warsaw,RP,50,Main Node,,52.29505839271096,20.91097888320868
450,al. Gołębia,Warsaw,RP,35,Main Node,,52.26848289426671,21.150283603555692
451,pl. Strażacka,Warsaw,RP,11,Main Node,,52.255741626638,21.100134877703095
452,al. Chmielna,Warsaw,RP,4,Main Node,,52.2820383190259,20.939952669761926
453,ulica Okulickiego,Warsaw,RP,43,Main Node,,52.22129041349899,21.01333847613242
454,ulica Porzeczkowa,Warsaw,RP,362,Main Node,,52.26667853420869,21.064870406730034
455,plac Olchowa,Warsaw,RP,69,Main Node,,52.2414033749186,21.103388371053605
456,aleja Pomorska,Warsaw,RP,89,Main Node,,52.26209153780835,21.06206716387511
457,plac Srebrna,Warsaw,RP,26,Main Node,,52.25254981552411,21.07686599805129
458,ulica Krucza,Warsaw,RP,879,Main Node,,52.21625348232512,21.080638636348016
459,ul. Żwirki i Wigury,Warsaw,RP,243,Main Node,,52.25179017985146,21.000169306078597
460,pl. Kolorowa,Warsaw,RP,7,Main Node,,52.22316956729625,21.129824936204944
461,al. Wyszyńskiego,Warsaw,RP,862,Main Node,,52.24232782463122,21.12492503595205
462,pl. Przechodnia,Warsaw,RP,83,Main Node,,52.25057729918775,21.01903544967399
463,ulica Żabia,Warsaw,RP,61,Main Node,,52.21209992076347,20.91663162478768
464,pl. Moniuszki,Warsaw,RP,22,Main Node,,52.2118608981542,20.980711634677583
465,ul. Fiołkowa,Warsaw,RP,122,Main Node,,52.29386491280879,21.16884043049933
466,ulica Malinowa,Warsaw,RP,24,Main Node,,52.27128756728876,21.020165740547057
467,plac Świerczewskiego,Warsaw,RP,818,Main Node,,52.23419176657015,20.92812055037379
468,plac Lawendowa,Warsaw,RP,45,Main Node,,52.23166582114236,20.90993357405766
469,plac Sienkiewicza,Warsaw,RP,616,Main Node,,52.290328162593624,21.00524557859167
470,pl. Nowa,Warsaw,RP,35,Main Node,,52.24699264902024,20.986116342057574
471,aleja Wałowa,Warsaw,RP,70,Main Node,,52.296886666862115,21.197608882720175
472,pl. Brzozowa,Warsaw,RP,55,Main Node,,52.26032123968913,21.168130514920364
473,pl. Borowa,Warsaw,RP,82,Main Node,,52.290324656689776,20.985502637330292
474,ul. Żeglarska,Warsaw,RP,682,Main Node,,52.2198891360172,21.027010735438346
475,aleja Szeroka,Warsaw,RP,93,Main Node,,52.23106742742307,20.968373088927592
476,plac Składowa,Warsaw,RP,99,Main Node,,52.258322288095776,21.097563939610346
477,ul. Jana Pawła II,Warsaw,RP,76,Main Node,,52.226220862903844,21.076419867175918
478,al. Okrężna,Warsaw,RP,57,Main Node,,52.22002291802729,21.064854981274515
479,aleja Ptasia,Warsaw,RP,272,Main Node,,52.276032909041874,21.17760593073937
480,al. Spacerowa,Warsaw,RP,991,Main Node,,52.21728131176345,21.030123463407502
481,ulica Wąska,Warsaw,RP,77,Main Node,,52.24040261485208,21.163675609882834
482,ul. Stroma,Warsaw,RP,747,Main Node,,52.22976786694015,21.042753665085687
483,plac Długa,Warsaw,RP,70,Main Node,,52.230373422031185,21.009589322785196
484,ulica Rumiankowa,Warsaw,RP,54,Main Node,,52.211745083729,21.01884851456689
485,al. Zakole,Warsaw,RP,8,Main Node,,52.29046963261016,20.94897533492985
486,ulica Kołłątaja,Warsaw,RP,417,Main Node,,52.20094192579301,20.912131293202364
487,pl. Lawendowa,Warsaw,RP,485,Main Node,,52.284849106500275,21.15106556155639
488,al. Swierkowa,Warsaw,RP,40,Main Node,,52.242607756625404,21.191710073454253
489,ulica Plater,Warsaw,RP,29,Main Node,,52.24245580662313,21.01119180490783
490,aleja Słoneczna,Warsaw,RP,67,Main Node,,52.24899758302628,21.006265194092826
491,ulica Jeżynowa,Warsaw,RP,98,Main Node,,52.2986998423729,21.124386694117103
492,pl. Kolejowa,Warsaw,RP,370,Main Node,,52.27804088934936,21.047317052154803
493,ul. Sawickiej,Warsaw,RP,70,Main Node,,52.240193991918545,20.91144583974823
494,al. Konopnickiej,Warsaw,RP,18,Main Node,,52.29440521928749,21.050925298145852
495,ulica Przemysłowa,Warsaw,RP,4,Main Node,,52.20023679580324,20.935587188447222
496,al. Prosta,Warsaw,RP,97,Main Node,,52.280294606997145,20.926200806064138
497,pl. Mieszka I,Warsaw,RP,675,Main Node,,52.268775351100025,21.111316835961922
498,al. Świerczewskiego,Warsaw,RP,66,Main Node,,52.25847333482691,21.11827099530494
499,plac Sowia,Warsaw,RP,322,Main Node,,52.29452759061702,20.962387263149974
500,plac Krańcowa,Warsaw,RP,117,Main Node,,52.234876390568154,21.00371634649939
501,pl. Księżycowa,Warsaw,RP,2,Main Node,,52.2270804928024,20.933427323602064
502,pl. Strzelecka,Warsaw,RP,97,Main Node,,52.20102170774346,21.189729135894492
503,aleja Grzybowa,Warsaw,RP,163,Main Node,,52.25909180415264,21.16882903198939
504,aleja Miłosza,Warsaw,RP,803,Main Node,,52.292888046160044,21.183530751417244
505,ul. Staszica,Warsaw,RP,53,Main Node,,52.25329788688734,20.95219487508393
506,ul. Jaśminowa,Warsaw,RP,312,Main Node,,52.22971196135688,20.91906364976519
507,aleja Słowackiego,Warsaw,RP,612,Main Node,,52.2345209439692,20.96750531705983
508,aleja Rubinowa,Warsaw,RP,11,Main Node,,52.21922134814218,21.02343499358197
509,aleja Borowa,Warsaw,RP,80,Main Node,,52.20498438495878,20.907307617192693
510,pl. Podgórna,Warsaw,RP,67,Main Node,,52.21285480292054,21.193247022026586
511,aleja Letniskowa,Warsaw,RP,633,Main Node,,52.241511337017805,20.91007625993289
512,pl. Liliowa,Warsaw,RP,63,Main Node,,52.266169180899794,20.952880412170316
513,al. Sawickiej,Warsaw,RP,56,Main Node,,52.29189083283934,21.176111545476715
514,al. Jadwigi,Warsaw,RP,43,Main Node,,52.26020277621929,21.071996006370874
515,al. Miarki,Warsaw,RP,945,Main Node,,52.20891925190692,21.141892972147787
516,plac Lwowska,Warsaw,RP,40,Main Node,,52.29718196301451,20.935987883367407
517,al. Zielna,Warsaw,RP,29,Main Node,,52.261820705837124,21.13620583630517
518,ulica Piastowska,Warsaw,RP,6,Main Node,,52.279387295415475,20.94644431827852
519,ul. Radosna,Warsaw,RP,55,Main Node,,52.206269741307274,21.11707693748173
520,ul. Mazurska,Warsaw,RP,761,Main Node,,52.28114366453104,21.188052573503512
521,plac Kasztanowa,Warsaw,RP,966,Main Node,,52.22232689711658,21.00569746587021
522,al. Łabędzia,Warsaw,RP,54,Main Node,,52.28341621203127,20.99216365130987
523,plac Rzemieślnicza,Warsaw,RP,12,Main Node,,52.22149973179134,21.029120957110393
524,ulica Widokowa,Warsaw,RP,48,Main Node,,52.23286508240082,21.066445910021958
525,ulica Zakątek,Warsaw,RP,88,Main Node,,52.23363060057847,20.946376779253153
526,pl. Fabryczna,Warsaw,RP,99,Main Node,,52.22383448056318,21.18554100744525
527,al. Batalionów Chłopskich,Warsaw,RP,60,Main Node,,52.29516352104453,21.102249246794
528,pl. Południowa,Warsaw,RP,37,Main Node,,52.23920985977534,21.157644693661332
529,pl. Zaciszna,Warsaw,RP,380,Main Node,,52.27766892566834,20.911685087251765
530,pl. Sucharskiego,Warsaw,RP,73,Main Node,,52.252791939582586,20.935233525876193
531,pl. Strumykowa,Warsaw,RP,51,Main Node,,52.277158028688476,20.982340583326305
532,ulica Gajowa,Warsaw,RP,51,Main Node,,52.203882756978146,21.08465878464071
533,pl. Mickiewicza,Warsaw,RP,48,Main Node,,52.27103206469602,21.098724149487992
534,plac Jana,Warsaw,RP,86,Main Node,,52.27181321034871,21.14272387652887
535,plac Orla,Warsaw,RP,76,Main Node,,52.26997306530046,21.17243537431739
536,pl. Swierkowa,Warsaw,RP,14,Main Node,,52.21084401382208,21.197915855050685
537,al. Turkusowa,Warsaw,RP,90,Main Node,,52.26154706168794,21.17147934017589
538,ulica Średnia,Warsaw,RP,81,Main Node,,52.2991467159007,21.065397987194377
539,aleja Daleka,Warsaw,RP,36,Main Node,,52.21488288181701,21.006298556496
540,ul. Błękitna,Warsaw,RP,50,Main Node,,52.243270767321256,21.017925726657804
541,ulica Szewska,Warsaw,RP,539,Main Node,,52.20513565148432,20.933798798627837
542,ul. Zamkowa,Warsaw,RP,62,Main Node,,52.27343410367756,21.123608979402867
543,al. Szkolna,Warsaw,RP,116,Main Node,,52.29489262786929,20.92163991399539
544,ul. Jaśminowa,Warsaw,RP,36,Main Node,,52.23980467326374,20.939080282272354
545,ul. Jana III Sobieskiego,Warsaw,RP,89,Main Node,,52.25795263252468,21.05228667943601
546,pl. Bursztynowa,Warsaw,RP,74,Main Node,,52.215015984693466,21.002937409837564
547,ulica Promienna,Warsaw,RP,965,Main Node,,52.28433982409313,21.11228533208384
548,ulica Opolska,Warsaw,RP,21,Main Node,,52.285686176350154,21.167919244865377
549,plac Solidarnosci,Warsaw,RP,82,Main Node,,52.253186045467054,20.993981761858407
550,ulica Starowiejska,Warsaw,RP,971,Main Node,,52.2154803951218,20.965703519327718
551,al. Narcyzowa,Warsaw,RP,49,Main Node,,52.232715151293284,20.941369267088177
552,plac Dworcowa,Warsaw,RP,39,Main Node,,52.265942749195574,21.012130781970228
553,aleja Sadowa,Warsaw,RP,12,Main Node,,52.20848670172472,20.926469631332395
554,al. Jana,Warsaw,RP,28,Main Node,,52.22563132720236,21.15106558044894
555,aleja Jagiellońska,Warsaw,RP,16,Main Node,,52.23032257470413,20.942015060888913
556,pl. Działkowa,Warsaw,RP,37,Main Node,,52.23803341664927,20.993776040535614
557,aleja Mieszka I,Warsaw,RP,32,Main Node,,52.25908394198102,21.009382890338987
558,ulica Wiejska,Warsaw,RP,358,Main Node,,52.21058523551432,21.048632705339294
559,ul. Cisowa,Warsaw,RP,711,Main Node,,52.27497018454517,20.952060230043912
560,aleja Szafirowa,Warsaw,RP,29,Main Node,,52.20122771795441,20.972822897801056
561,ul. Szarych Szeregów,Warsaw,RP,486,Main Node,,52.2548815693849,21.125901800848702
562,pl. Nadrzeczna,Warsaw,RP,88,Main Node,,52.21225836040599,21.101047242127674
563,pl. Sportowa,Warsaw,RP,109,Main Node,,52.26354676389162,21.032845778755025
564,plac Słoneczna,Warsaw,RP,18,Main Node,,52.24773898829822,21.07548531604709
565,al. Lawendowa,Warsaw,RP,32,Main Node,,52.20868936488517,20.98859497383081
566,aleja Dolna,Warsaw,RP,50,Main Node,,52.294406417759646,21.142469891672707
567,pl. Żwirki i Wigury,Warsaw,RP,785,Main Node,,52.22831867595889,21.083438927915616
568,pl. Reymonta,Warsaw,RP,435,Main Node,,52.20778236640956,21.062249707380733
569,pl. Wrzosowa,Warsaw,RP,526,Main Node,,52.283643306300874,20.986445210415884
570,al. Sadowa,Warsaw,RP,6,Main Node,,52.26676051075611,20.909593934152245
571,pl. Kraszewskiego,Warsaw,RP,754,Main Node,,52.29179616175421,21.168714950201952
572,pl. Strumykowa,Warsaw,RP,11,Main Node,,52.22245807180364,21.12738074361356
573,aleja Wilcza,Warsaw,RP,61,Main Node,,52.24549263650915,20.926054068883364
574,plac Majowa,Warsaw,RP,79,Main Node,,52.208330290135066,21.108777107593426
575,plac Azaliowa,Warsaw,RP,802,Main Node,,52.20523661481726,21.175470754379795
576,al. Zachodnia,Warsaw,RP,21,Main Node,,52.29259163387595,21.064828886468554
577,plac Konopnickiej,Warsaw,RP,570,Main Node,,52.214047454205854,21.143569884714427
578,al. Morcinka,Warsaw,RP,19,Main Node,,52.212230529696065,21.037017614558323
579,pl. Majowa,Warsaw,RP,505,Main Node,,52.22379209401587,21.184535399921607
580,ulica Borowa,Warsaw,RP,65,Main Node,,52.26113573948451,21.008269960571816
581,plac Mała,Warsaw,RP,94,Main Node,,52.29164929301147,21.013838438707726
582,plac Lipowa,Warsaw,RP,32,Main Node,,52.276667846245445,20.987362218510913
583,ul. Tylna,Warsaw,RP,46,Main Node,,52.28243778214304,20.903546447608523
584,pl. Widok,Warsaw,RP,122,Main Node,,52.206679918115306,21.17997374882979
585,ulica Kościuszki,Warsaw,RP,57,Main Node,,52.25187467974988,20.94184682672158
586,al. Gdańska,Warsaw,RP,34,Main Node,,52.27167755475889,20.948740044926833
587,al. Podwale,Warsaw,RP,24,Main Node,,52.202004175219564,21.024770929922642
588,ulica Stefana Batorego,Warsaw,RP,88,Main Node,,52.28581278703678,21.174108667228996
589,al. Wiśniowa,Warsaw,RP,15,Main Node,,52.22738987983338,21.02806009595636
590,al. Towarowa,Warsaw,RP,685,Main Node,,52.281565605585406,21.043003647202568
591,ulica Dobra,Warsaw,RP,67,Main Node,,52.22344927898476,21.096025682310987
592,aleja Strażacka,Warsaw,RP,24,Main Node,,52.23764361209372,21.13160037614902
593,aleja Klonowa,Warsaw,RP,789,Main Node,,52.291764902885056,20.95057646286294
594,plac Turystyczna,Warsaw,RP,29,Main Node,,52.21573505503024,20.912587463979214
595,ul. Grunwaldzka,Warsaw,RP,45,Main Node,,52.22255702152413,20.90838941450832
596,ul. Kusocińskiego,Warsaw,RP,72,Main Node,,52.2522988649974,20.949656503770175
597,ul. Łąkowa,Warsaw,RP,82,Main Node,,52.21842874771565,21.08234605838226
598,aleja Podgórna,Warsaw,RP,626,Main Node,,52.22516536387427,21.01935426793519
599,al. Kreta,Warsaw,RP,38,Main Node,,52.273318938801566,21.009562744944265
600,ul. Klonowa,Warsaw,RP,10,Main Node,,52.27863018352349,21.178814016646395
601,ulica Harcerska,Warsaw,RP,845,Main Node,,52.224739587466374,20.902103518855366
602,ul. Częstochowska,Warsaw,RP,85,Main Node,,52.295658995184176,21.198667785854333
603,plac Koralowa,Warsaw,RP,72,Main Node,,52.26510770770869,20.912806130277055
604,ulica Tartaczna,Warsaw,RP,782,Main Node,,52.290043781329246,21.124923004410604
605,plac Cmentarna,Warsaw,RP,65,Main Node,,52.268315040233574,21.068637717174333
606,pl. Tartaczna,Warsaw,RP,75,Main Node,,52.22985997870292,20.967937913381107
607,ulica Wieniawskiego,Warsaw,RP,49,Main Node,,52.24830877080734,21.055293570658325
608,ulica Żytnia,Warsaw,RP,25,Main Node,,52.29790239291642,20.98197935382833
609,pl. Dojazdowa,Warsaw,RP,68,Main Node,,52.27205081099189,21.159208040927336
610,aleja Staffa,Warsaw,RP,11,Main Node,,52.26877762280722,21.152255505776655
611,pl. Szkolna,Warsaw,RP,141,Main Node,,52.22625945393525,20.914688531339657
612,al. Daleka,Warsaw,RP,83,Main Node,,52.244436373183255,21.17139838185176
613,plac Towarowa,Warsaw,RP,20,Main Node,,52.22601798128193,21.144139871766804
614,al. Truskawkowa,Warsaw,RP,326,Main Node,,52.273560711484805,20.98225086191664
615,ulica Torowa,Warsaw,RP,63,Main Node,,52.26416260801283,21.177446585776657
616,ulica Okrężna,Warsaw,RP,35,Main Node,,52.2027843724071,21.06326602821853
617,pl. Szkolna,Warsaw,RP,65,Main Node,,52.23439592405012,21.138879887176856
618,ulica Brzozowa,Warsaw,RP,397,Main Node,,52.2076952701029,21.10670725432427
619,pl. Pogodna,Warsaw,RP,924,Main Node,,52.28982862357735,20.93743793180664
620,ul. Toruńska,Warsaw,RP,27,Main Node,,52.25535272596233,20.952853466340585
621,ulica Hallera,Warsaw,RP,0,Main Node,,52.25530752370144,20.960607569334822
622,plac Orzechowa,Warsaw,RP,34,Main Node,,52.239466440196274,20.965707058629445
623,al. Orkana,Warsaw,RP,858,Main Node,,52.25213414731455,21.07100024105885
624,al. Zdrojowa,Warsaw,RP,58,Main Node,,52.27645322440598,20.910923793905678
625,ulica Żytnia,Warsaw,RP,95,Main Node,,52.212790051029494,20.91895274034183
626,aleja Lelewela,Warsaw,RP,805,Main Node,,52.25615330173711,20.95958201835969
627,al. Dojazdowa,Warsaw,RP,787,Main Node,,52.25994059884313,20.944166027647626
628,ul. Jodłowa,Warsaw,RP,6,Main Node,,52.2723406088062,21.063536677303507
629,ulica Bolesława Krzywoustego,Warsaw,RP,51,Main Node,,52.28915448383616,20.97905553632866
630,aleja Floriana,Warsaw,RP,729,Main Node,,52.2339627624879,20.963967390288374
631,ulica Lipca,Warsaw,RP,18,Main Node,,52.21515184785598,21.19581068357338
632,ulica Reymonta,Warsaw,RP,49,Main Node,,52.2519732991326,21.153333970810525
633,aleja Kaszubska,Warsaw,RP,32,Main Node,,52.23667633047493,20.972801636842377
634,pl. Łabędzia,Warsaw,RP,89,Main Node,,52.24670181700705,21.058691471264464
635,al. Sucharskiego,Warsaw,RP,973,Main Node,,52.271615775682626,20.960584844194685
636,ulica Piłsudskiego,Warsaw,RP,74,Main Node,,52.2118881346095,21.09575611298103
637,al. Plater,Warsaw,RP,85,Main Node,,52.277812607851764,20.96731085228718
638,ul. Zachodnia,Warsaw,RP,32,Main Node,,52.284146974956485,21.163626019380057
639,ul. Nowa,Warsaw,RP,5,Main Node,,52.244474822922406,21.01222212422216
640,pl. Łączna,Warsaw,RP,78,Main Node,,52.20838296558051,20.99589320588413
641,ul. Boczna,Warsaw,RP,19,Main Node,,52.27234473346033,21.059161170273565
642,plac Staszica,Warsaw,RP,708,Main Node,,52.249090920757425,20.93385563470946
643,plac Lubelska,Warsaw,RP,67,Main Node,,52.21276439204763,21.182012765130338
644,ul. Letnia,Warsaw,RP,24,Main Node,,52.23305690604452,21.157764214834234
645,aleja Akacjowa,Warsaw,RP,76,Main Node,,52.286917764777016,20.93414534153979
646,ulica Owocowa,Warsaw,RP,719,Main Node,,52.23482819421862,21.1673312047266
647,al. Morelowa,Warsaw,RP,774,Main Node,,52.25199726907991,20.95477496824586
648,aleja Orzeszkowej,Warsaw,RP,37,Main Node,,52.254259204690065,20.998304518468125
649,ul. Długosza,Warsaw,RP,36,Main Node,,52.28974378517126,20.92919146917403
650,aleja Krakowska,Warsaw,RP,87,Main Node,,52.28639374410214,21.13534968271447
651,al. Polna,Warsaw,RP,19,Main Node,,52.26194169776433,20.96296524862652
652,plac Topolowa,Warsaw,RP,337,Main Node,,52.28223297237814,21.12281611591972
653,ulica Leśna,Warsaw,RP,98,Main Node,,52.286856427149466,21.091420533976063
654,aleja Asnyka,Warsaw,RP,49,Main Node,,52.28612331425452,20.97825061400417
655,ulica Browarna,Warsaw,RP,21,Main Node,,52.28608756794811,20.957913867353763
656,ulica Źródlana,Warsaw,RP,487,Main Node,,52.25033078718018,20.90210370922375
657,aleja Miarki,Warsaw,RP,0,Main Node,,52.258091057472136,21.069913114028378
658,aleja Konstytucji 3 Maja,Warsaw,RP,99,Main Node,,52.24080681812854,21.15359682670501
659,pl. Rynek,Warsaw,RP,86,Main Node,,52.2126954265771,21.104814520545965
660,al. Stolarska,Warsaw,RP,62,Main Node,,52.23641619499666,21.153633832036746
661,ulica Kossaka,Warsaw,RP,77,Main Node,,52.2414157227565,21.193079850603088
662,al. Poznańska,Warsaw,RP,93,Main Node,,52.25968972181748,21.01966770920539
663,ul. Podgórna,Warsaw,RP,66,Main Node,,52.20729262669181,21.190716806567387
664,aleja Jaśminowa,Warsaw,RP,402,Main Node,,52.204616817199735,21.122511869089756
665,aleja Cyprysowa,Warsaw,RP,10,Main Node,,52.201595098648006,21.14774503629152
666,ul. Wolności,Warsaw,RP,75,Main Node,,52.227964592783174,21.18931706881129
667,pl. Wilcza,Warsaw,RP,62,Main Node,,52.286984500074354,20.968884593070054
668,pl. Maczka,Warsaw,RP,51,Main Node,,52.263042566948705,21.08306881052637
669,ul. Jesionowa,Warsaw,RP,719,Main Node,,52.26759182026597,20.989951480848795
670,al. Toruńska,Warsaw,RP,92,Main Node,,52.28927576286295,20.94292120490302
671,ulica Harcerska,Warsaw,RP,16,Main Node,,52.29370018190293,21.12774619100345
672,al. Wesoła,Warsaw,RP,90,Main Node,,52.2682394584155,21.18302951414916
673,ulica Wolności,Warsaw,RP,984,Main Node,,52.27714781279283,21.067041977614682
674,al. Lazurowa,Warsaw,RP,67,Main Node,,52.23132708245815,21.056121871570472
675,aleja Sucharskiego,Warsaw,RP,593,Main Node,,52.20797809280904,21.08881254704834
676,ulica Krasińskiego,Warsaw,RP,6,Main Node,,52.27908833939447,21.10659510214117
677,ul. Plater,Warsaw,RP,57,Main Node,,52.294465579568985,20.907045322564414
678,al. Wyspiańskiego,Warsaw,RP,83,Main Node,,52.28479468011705,20.99809128278703
679,ulica Stycznia,Warsaw,RP,27,Main Node,,52.28821532274972,21.045370352056004
680,ul. Krótka,Warsaw,RP,17,Main Node,,52.242914610083496,21.007784535192236
681,pl. Kreta,Warsaw,RP,34,Main Node,,52.28561001791663,20.96570100674177
682,ul. Pułaskiego,Warsaw,RP,767,Main Node,,52.28844511903144,21.14144427676897
683,aleja Bydgoska,Warsaw,RP,1,Main Node,,52.22298347111323,21.104505552228837
684,pl. Miłosza,Warsaw,RP,726,Main Node,,52.28138459822968,21.084502652917468
685,ulica Konopnickiej,Warsaw,RP,5,Main Node,,52.23376638147329,21.139873944985755
686,plac Listopada,Warsaw,RP,552,Main Node,,52.22558449847357,21.102097353473724
687,aleja Krzywa,Warsaw,RP,6,Main Node,,52.23685383195011,21.042917173733294
688,ul. Ludowa,Warsaw,RP,45,Main Node,,52.23143113761857,21.18165355633817
689,al. Wyspiańskiego,Warsaw,RP,0,Main Node,,52.22265520631088,21.00149633016502
690,ulica Morska,Warsaw,RP,74,Main Node,,52.29736573762728,21.140046430294788
691,al. Klonowa,Warsaw,RP,71,Main Node,,52.237762902496804,20.926623712752864
692,plac Jesienna,Warsaw,RP,15,Main Node,,52.255812536937434,20.90420025218163
693,al. Północna,Warsaw,RP,14,Main Node,,52.24799855405666,20.950526382325492
694,ul. Cisowa,Warsaw,RP,13,Main Node,,52.26184433265434,21.04322597799593
695,ul. Kamienna,Warsaw,RP,89,Main Node,,52.25570934679302,21.105777995410946
696,al. Nowowiejska,Warsaw,RP,17,Main Node,,52.27830241923203,21.16399153540595
697,ul. Szkolna,Warsaw,RP,72,Main Node,,52.2834871135378,20.904469007343884
698,al. Dąbrowskiego,Warsaw,RP,81,Main Node,,52.25506446196325,21.076230200317198
699,pl. Staszica,Warsaw,RP,53,Main Node,,52.228675226522384,20.951698511021462
700,ulica Tuwima,Warsaw,RP,194,Main Node,,52.257189712454824,21.02748611023483
701,pl. Spółdzielcza,Warsaw,RP,177,Main Node,,52.298039628749805,21.073726098514484
702,plac Prusa,Warsaw,RP,93,Main Node,,52.26307249760419,21.011188627771666
703,ul. Miarki,Warsaw,RP,0,Main Node,,52.21993602083969,20.99948563208087
704,pl. Bursztynowa,Warsaw,RP,22,Main Node,,52.29895277630434,20.954560306182266
705,al. Prusa,Warsaw,RP,66,Main Node,,52.21298576971194,21.106666273052635
706,ul. Pałacowa,Warsaw,RP,604,Main Node,,52.28299281211363,20.90016043855927
707,al. Robotnicza,Warsaw,RP,63,Main Node,,52.236885105725435,21.195875893650307
708,ulica Spółdzielcza,Warsaw,RP,69,Main Node,,52.232611028630195,20.932879845413613
709,aleja Harcerska,Warsaw,RP,71,Main Node,,52.29707235192499,21.048933952394147
710,pl. Kazimierza Wielkiego,Warsaw,RP,33,Main Node,,52.24332146333791,21.185221677405966
711,ul. Leszczynowa,Warsaw,RP,363,Main Node,,52.203827771998355,21.002249664413696
712,aleja Tęczowa,Warsaw,RP,45,Main Node,,52.29024405245519,20.928466110088625
713,pl. Kusocińskiego,Warsaw,RP,172,Main Node,,52.25620054622563,20.907502287151125
714,ul. Warszawska,Warsaw,RP,61,Main Node,,52.23854123368716,21.02717811439536
715,pl. Wiślana,Warsaw,RP,22,Main Node,,52.24215145843752,21.059027564843248
716,ul. Tuwima,Warsaw,RP,79,Main Node,,52.20436235803456,21.007975585640228
717,ul. Orkana,Warsaw,RP,47,Main Node,,52.26988910076425,20.916824538171745
718,ul. Środkowa,Warsaw,RP,81,Main Node,,52.25834486954138,20.962942644742924
719,ul. Graniczna,Warsaw,RP,109,Main Node,,52.2193857699284,21.006362183374847
720,ul. Perłowa,Warsaw,RP,408,Main Node,,52.23657259887051,21.04630214579326
721,plac Gdańska,Warsaw,RP,9,Main Node,,52.24983826302968,21.096866750255742
722,ulica Kraszewskiego,Warsaw,RP,773,Main Node,,52.28916652431913,21.162991751702886
723,pl. Morelowa,Warsaw,RP,707,Main Node,,52.21103695776041,20.96236710684233
724,ul. Podwale,Warsaw,RP,880,Main Node,,52.20591529888665,20.92767558729987
725,al. Żeromskiego,Warsaw,RP,766,Main Node,,52.25552379487184,20.98495404562689
726,pl. Strumykowa,Warsaw,RP,0,Main Node,,52.24809611706232,21.06749426034299
727,plac Norwida,Warsaw,RP,15,Main Node,,52.2308343138304,21.034359523598276
728,plac Sosnowa,Warsaw,RP,60,Main Node,,52.2885439480563,21.091758381431987
729,plac Królewska,Warsaw,RP,325,Main Node,,52.2360011457816,20.926355881997345
730,ul. Źródlana,Warsaw,RP,33,Main Node,,52.251352643076004,21.06539806630009
731,pl. Handlowa,Warsaw,RP,70,Main Node,,52.22215482127107,21.155378703496606
732,plac Stawowa,Warsaw,RP,58,Main Node,,52.2437302667466,21.139288113101234
733,al. Wyspiańskiego,Warsaw,RP,397,Main Node,,52.28702962927557,21.022548988874103
734,aleja Akacjowa,Warsaw,RP,64,Main Node,,52.28907784678897,20.94896865009841
735,al. Pszenna,Warsaw,RP,28,Main Node,,52.21811902042667,21.056853724632475
736,ul. Asnyka,Warsaw,RP,58,Main Node,,52.224818093065615,20.969337149712967
737,ulica Górska,Warsaw,RP,171,Main Node,,52.25959137166803,21.167092676099454
738,aleja Kusocińskiego,Warsaw,RP,2,Main Node,,52.24571018710444,21.14368795738125
739,ul. Fabryczna,Warsaw,RP,409,Main Node,,52.28685877199662,21.000862431778614
740,al. Poznańska,Warsaw,RP,122,Main Node,,52.2413701641568,20.965629648682597
741,plac Magnoliowa,Warsaw,RP,386,Main Node,,52.241047657962866,20.94146609233083
742,ulica Myśliwska,Warsaw,RP,877,Main Node,,52.20004872991132,21.112212998090587
743,aleja Wczasowa,Warsaw,RP,45,Main Node,,52.249825896632686,20.944513943863285
744,ulica Gajowa,Warsaw,RP,62,Main Node,,52.20846842506382,21.126373780187404
745,ulica Narutowicza,Warsaw,RP,334,Main Node,,52.26584543379893,20.925698140309475
746,ulica Wiosenna,Warsaw,RP,79,Main Node,,52.27184666148879,20.907748170864885
747,plac Sawickiej,Warsaw,RP,90,Main Node,,52.26382188401956,21.161373102913224
748,aleja Jadwigi,Warsaw,RP,52,Main Node,,52.23077053146089,20.983716696066562
749,aleja Jana Pawła II,Warsaw,RP,28,Main Node,,52.26820200482949,20.98965574383288
750,ulica Korczaka,Warsaw,RP,293,Main Node,,52.2562228516976,21.013949945019665
751,al. Wilcza,Warsaw,RP,570,Main Node,,52.23598154500769,21.19752973476668
752,ul. Głogowa,Warsaw,RP,73,Main Node,,52.28034597081673,20.966059150981017
753,plac Rynek,Warsaw,RP,360,Main Node,,52.267894249159504,20.925248917864387
754,pl. Ściegiennego,Warsaw,RP,88,Main Node,,52.2433404351153,20.91154922710155
755,pl. Bolesława Krzywoustego,Warsaw,RP,8,Main Node,,52.286435544263455,20.933872957624125
756,aleja Stolarska,Warsaw,RP,28,Main Node,,52.27877138723313,20.97335389970423
757,plac Lubelska,Warsaw,RP,545,Main Node,,52.25698629924032,21.066330524508118
758,aleja Głowackiego,Warsaw,RP,995,Main Node,,52.28447675275411,21.045620061164062
759,pl. Morska,Warsaw,RP,97,Main Node,,52.26324197634155,20.976718102878646
760,pl. Torowa,Warsaw,RP,10,Main Node,,52.262805958379374,20.9088033008531
761,al. Owocowa,Warsaw,RP,72,Main Node,,52.226809349092015,21.064577164331208
762,plac Wypoczynkowa,Warsaw,RP,33,Main Node,,52.273730229256635,20.94834299175811
763,aleja Rumiankowa,Warsaw,RP,605,Main Node,,52.223241719079994,21.18384839911954
764,ul. Robotnicza,Warsaw,RP,21,Main Node,,52.2543473706814,21.134185901203008
765,ul. Asnyka,Warsaw,RP,61,Main Node,,52.20540156956181,21.01162919262661
766,ulica Chmielna,Warsaw,RP,36,Main Node,,52.244030802524,21.045947761953396
767,ulica Zamkowa,Warsaw,RP,19,Main Node,,52.28888977839039,21.153048664976232
768,ul. Górska,Warsaw,RP,332,Main Node,,52.28000711517867,20.912488516582798
769,ul. Kosynierów,Warsaw,RP,73,Main Node,,52.24846475609923,21.105890362072696
770,plac Mickiewicza,Warsaw,RP,47,Main Node,,52.24875803348865,20.96455673065747
771,al. Zaciszna,Warsaw,RP,826,Main Node,,52.247277747545034,21.11829851304924
772,ulica Brzoskwiniowa,Warsaw,RP,674,Main Node,,52.28457194435876,21.09583524701912
773,ul. Gajowa,Warsaw,RP,87,Main Node,,52.25903590883474,20.97708800566415
774,al. Piekarska,Warsaw,RP,86,Main Node,,52.26023296573101,21.095547323658707
775,al. Piękna,Warsaw,RP,626,Main Node,,52.23534679461752,21.05552906266908
776,al. Słowicza,Warsaw,RP,6,Main Node,,52.25572558574603,21.172787744489224
777,aleja Nowa,Warsaw,RP,343,Main Node,,52.29421938882498,21.088637769211243
778,pl. Kossaka,Warsaw,RP,6,Main Node,,52.253808229597205,21.018011347301822
779,pl. Strumykowa,Warsaw,RP,46,Main Node,,52.21082629164246,21.066861166370337
780,aleja Środkowa,Warsaw,RP,929,Main Node,,52.28892340853561,21.026056015860444
781,al. Leszczynowa,Warsaw,RP,1,Main Node,,52.26036185303027,21.115441147884752
782,plac Jana Pawła II,Warsaw,RP,17,Main Node,,52.22021678466531,21.071298801223676
783,ulica Broniewskiego,Warsaw,RP,18,Main Node,,52.21009903041974,21.07101968332053
784,aleja Szmaragdowa,Warsaw,RP,86,Main Node,,52.2131165063625,20.980938152349133
785,pl. Dąbrowskiej,Warsaw,RP,110,Main Node,,52.25627881349162,21.17661667220196
786,al. Bolesława Krzywoustego,Warsaw,RP,44,Main Node,,52.229935041126204,21.063489512334122
787,ulica Chmielna,Warsaw,RP,44,Main Node,,52.261474063114015,21.172327021014144
788,aleja Lelewela,Warsaw,RP,320,Main Node,,52.24100473430322,21.050331783508774
789,al. Lipowa,Warsaw,RP,77,Main Node,,52.27359479337491,21.092122282777378
790,aleja Wilcza,Warsaw,RP,30,Main Node,,52.29949796390692,21.153621970784158
791,ul. Asnyka,Warsaw,RP,27,Main Node,,52.267599601439926,20.95708967118054
792,pl. Kamienna,Warsaw,RP,1,Main Node,,52.264909850961075,21.068307433630384
793,al. Radosna,Warsaw,RP,27,Main Node,,52.274198840849955,21.114179762318933
794,al. Nowowiejska,Warsaw,RP,71,Main Node,,52.22208317432473,21.17025506767574
795,pl. Podwale,Warsaw,RP,31,Main Node,,52.28790577266456,20.94295228827617
796,pl. Kamienna,Warsaw,RP,50,Main Node,,52.20899172988435,21.17893624020118
797,pl. Źródlana,Warsaw,RP,428,Main Node,,52.29720998217807,20.983294920894107
798,aleja Koralowa,Warsaw,RP,715,Main Node,,52.22165504373316,20.96297720192277
799,plac Grzybowa,Warsaw,RP,786,Main Node,,52.23528131569568,21.080132266721332
800,ul. Wiejska,Warsaw,RP,596,Main Node,,52.20745119481889,20.987486218221377
801,ul. Kochanowskiego,Warsaw,RP,26,Main Node,,52.206837302212826,21.15260673652399
802,aleja Krasińskiego,Warsaw,RP,18,Main Node,,52.22049207480963,21.14331905830308
803,plac Wiązowa,Warsaw,RP,10,Main Node,,52.261755064471934,20.92472182163233
804,ulica Promienna,Warsaw,RP,3,Main Node,,52.215830885786886,20.938029364872076
805,ulica Letniskowa,Warsaw,RP,65,Main Node,,52.29145581373593,21.12708451564035
806,ulica Wróblewskiego,Warsaw,RP,78,Main Node,,52.22664533355876,20.991885173634717
807,pl. Tulipanowa,Warsaw,RP,17,Main Node,,52.26004372868386,20.976632364894517
808,pl. Piwna,Warsaw,RP,50,Main Node,,52.203504746442654,20.942301713003765
809,aleja Podmiejska,Warsaw,RP,24,Main Node,,52.28266344029262,20.952422603133833
810,plac Młynarska,Warsaw,RP,28,Main Node,,52.26003235038715,21.015473228239994
811,ul. Jałowcowa,Warsaw,RP,661,Main Node,,52.26249138216048,21.151436947360246
812,ulica Zapolskiej,Warsaw,RP,70,Main Node,,52.25619634260441,20.99217761827937
813,ulica Rzemieślnicza,Warsaw,RP,695,Main Node,,52.22308612124896,21.00838839932622
814,al. Słowicza,Warsaw,RP,12,Main Node,,52.2839885198978,21.034645210398477
815,ulica Targowa,Warsaw,RP,3,Main Node,,52.255939395274694,21.147463600761235
816,plac Brzechwy,Warsaw,RP,76,Main Node,,52.23296869322937,21.116601953575202
817,al. Podwale,Warsaw,RP,550,Main Node,,52.26772474716249,21.043058041983432
818,aleja Reymonta,Warsaw,RP,1,Main Node,,52.274959556919015,21.09625708335801
819,al. Promienna,Warsaw,RP,60,Main Node,,52.25569171726606,20.906163567850264
820,al. Jastrzębia,Warsaw,RP,934,Main Node,,52.24205806723974,20.994586421981438
821,ul. Spacerowa,Warsaw,RP,49,Main Node,,52.25068639556851,21.038319559689747
822,plac Kruczkowskiego,Warsaw,RP,216,Main Node,,52.290600552016336,20.902248046517293
823,aleja Krasickiego,Warsaw,RP,13,Main Node,,52.27507006587595,21.11584561823311
824,al. Bankowa,Warsaw,RP,759,Main Node,,52.27861915943649,20.913279421447115
825,plac Grabowa,Warsaw,RP,57,Main Node,,52.23531846815858,21.097292069517543
826,ulica Powstańców Śląskich,Warsaw,RP,78,Main Node,,52.28078071601201,20.914283980043116
827,al. Młynarska,Warsaw,RP,52,Main Node,,52.25840761286782,21.13286673877426
828,ulica Wiatraczna,Warsaw,RP,72,Main Node,,52.268066683050854,21.05802880507804
829,al. Poziomkowa,Warsaw,RP,89,Main Node,,52.240934869807944,21.1477039539487
830,aleja Jagiellońska,Warsaw,RP,0,Main Node,,52.23592389091763,21.046324273056197
831,plac Cyprysowa,Warsaw,RP,759,Main Node,,52.23657820194814,21.150477584108177
832,aleja Handlowa,Warsaw,RP,47,Main Node,,52.25665416871679,21.12820901455166
833,plac Sybiraków,Warsaw,RP,99,Main Node,,52.28527401445616,20.978482891315615
834,aleja Miarki,Warsaw,RP,34,Main Node,,52.20560827088272,21.106151320111017
835,pl. Krucza,Warsaw,RP,352,Main Node,,52.27464296938201,21.171764995261913
836,al. Strumykowa,Warsaw,RP,457,Main Node,,52.246683801379824,20.93182663109074
837,plac Zapolskiej,Warsaw,RP,486,Main Node,,52.26009045701826,21.137699706119196
838,ul. Owocowa,Warsaw,RP,60,Main Node,,52.237493219654695,20.966929584258178
839,pl. Ludowa,Warsaw,RP,594,Main Node,,52.23605414726472,21.116005000499815
840,ulica Kaliska,Warsaw,RP,30,Main Node,,52.221720270918304,20.958848104411192
841,ulica Kwiatowa,Warsaw,RP,88,Main Node,,52.25462535213917,21.03579652036602
842,aleja Częstochowska,Warsaw,RP,14,Main Node,,52.20915045294543,21.120632107837373
843,plac Długa,Warsaw,RP,7,Main Node,,52.244899973521804,21.04712859095573
844,aleja Czereśniowa,Warsaw,RP,671,Main Node,,52.283238712260804,21.009454013933475
845,ulica Południowa,Warsaw,RP,94,Main Node,,52.2429009399032,21.198299739532654
846,ulica Skrajna,Warsaw,RP,40,Main Node,,52.262551796218,21.03670731429686
847,al. Owocowa,Warsaw,RP,79,Main Node,,52.297526690645206,21.0138643918783
848,ul. Krokusowa,Warsaw,RP,833,Main Node,,52.21348753742977,21.0422671161185
849,ul. Diamentowa,Warsaw,RP,799,Main Node,,52.256227291602656,21.072289019135475
850,aleja Piekarska,Warsaw,RP,44,Main Node,,52.24806756691436,21.111694997954395
851,al. Jadwigi,Warsaw,RP,95,Main Node,,52.29150217405984,21.119608351499796
852,aleja Sarnia,Warsaw,RP,583,Main Node,,52.21173219848455,21.07319918061311
853,plac Kopernika,Warsaw,RP,44,Main Node,,52.28905842968743,21.093996955758683
854,ul. Akacjowa,Warsaw,RP,34,Main Node,,52.29439723229187,20.942868799873327
855,ulica Jałowcowa,Warsaw,RP,36,Main Node,,52.29700828324221,20.956438380533278
856,aleja Młyńska,Warsaw,RP,186,Main Node,,52.27938105218972,21.10103825159227
857,aleja Listopada,Warsaw,RP,148,Main Node,,52.29427859513899,20.905203313369466
858,plac Klonowa,Warsaw,RP,618,Main Node,,52.26135601367222,21.0970975276816
859,pl. Wojciecha,Warsaw,RP,28,Main Node,,52.203771708000815,20.993140412122823
860,ul. Władysława Łokietka,Warsaw,RP,96,Main Node,,52.27016771304579,21.057482171722196
861,plac Bukowa,Warsaw,RP,82,Main Node,,52.20878845523217,21.05472953838201
862,al. Koralowa,Warsaw,RP,27,Main Node,,52.23519882034105,21.173033309270412
863,al. Krasińskiego,Warsaw,RP,182,Main Node,,52.27089876878197,20.95606692067161
864,aleja Maczka,Warsaw,RP,44,Main Node,,52.27236341450263,20.99961805043965
865,al. Rzeczna,Warsaw,RP,552,Main Node,,52.20281010097022,21.144708799973166
866,al. Wypoczynkowa,Warsaw,RP,934,Main Node,,52.262156940191325,21.128469831439926
867,ul. Warszawska,Warsaw,RP,47,Main Node,,52.21356074882951,21.000891936440812
868,pl. Topolowa,Warsaw,RP,29,Main Node,,52.29294991250383,21.16424710815607
869,ulica Mickiewicza,Warsaw,RP,904,Main Node,,52.263963823201884,21.019778033406055
870,aleja Jałowcowa,Warsaw,RP,40,Main Node,,52.253721307507746,21.021115750041222
871,aleja Wiśniowa,Warsaw,RP,61,Main Node,,52.21306098272909,21.001773427177994
872,plac Sybiraków,Warsaw,RP,52,Main Node,,52.20496135718805,21.172600907299326
873,al. Konstytucji 3 Maja,Warsaw,RP,22,Main Node,,52.204934400473164,21.164751901834165
874,plac Strumykowa,Warsaw,RP,18,Main Node,,52.211285537077494,21.06089085418012
875,plac Kowalska,Warsaw,RP,698,Main Node,,52.243376807270366,21.095831561997034
876,ul. Piaskowa,Warsaw,RP,12,Main Node,,52.25652325647875,21.061681931558844
877,pl. Miła,Warsaw,RP,31,Main Node,,52.24303467404393,20.95688366839786
878,ulica Ludowa,Warsaw,RP,0,Main Node,,52.26183958775103,21.100786055422663
879,al. Krucza,Warsaw,RP,89,Main Node,,52.2217741947203,20.97629020733002
880,ul. Piękna,Warsaw,RP,69,Main Node,,52.25248353071634,21.104443238690116
881,plac Miodowa,Warsaw,RP,792,Main Node,,52.20636393387929,20.94539564826809
882,aleja Jeziorna,Warsaw,RP,95,Main Node,,52.26420697733778,21.080769097303353
883,plac Popiełuszki,Warsaw,RP,58,Main Node,,52.2069128670434,21.072798781330373
884,ulica Ciasna,Warsaw,RP,614,Main Node,,52.22398665571361,21.054126889056647
885,pl. Rolnicza,Warsaw,RP,18,Main Node,,52.20212707674327,20.96236663023032
886,pl. Jana,Warsaw,RP,81,Main Node,,52.272396127079894,21.04615495144673
887,al. Łanowa,Warsaw,RP,52,Main Node,,52.229417572301166,20.968143148163986
888,aleja Głogowa,Warsaw,RP,81,Main Node,,52.24298821513261,20.933130136180747
889,ul. Łąkowa,Warsaw,RP,60,Main Node,,52.21879442685878,21.13225694700453
890,pl. Władysława Łokietka,Warsaw,RP,5,Main Node,,52.2714548100152,21.05779915356499
891,ulica Rolnicza,Warsaw,RP,545,Main Node,,52.28135172923942,21.138726675552828
892,ulica Jastrzębia,Warsaw,RP,37,Main Node,,52.22107333667776,21.09202696473669
893,pl. Wolności,Warsaw,RP,2,Main Node,,52.2627454792133,21.100064554207098
894,ulica Bursztynowa,Warsaw,RP,557,Main Node,,52.29814235111633,21.17893924832372
895,plac Rejtana,Warsaw,RP,53,Main Node,,52.29672651340163,21.12009898085094
896,pl. Kościelna,Warsaw,RP,77,Main Node,,52.212725303393086,20.949488618588667
897,ul. Narutowicza,Warsaw,RP,45,Main Node,,52.280089070861386,21.105324258751303
898,ul. Traugutta,Warsaw,RP,616,Main Node,,52.22086511712351,21.03896592298339
899,ulica Rolnicza,Warsaw,RP,34,Main Node,,52.28755779723324,20.9254264629713
900,pl. Przemysłowa,Warsaw,RP,8,Main Node,,52.26181633673057,20.984245746036787
901,ulica Księżycowa,Warsaw,RP,53,Main Node,,52.21979044454467,20.953114016589588
902,plac Mostowa,Warsaw,RP,441,Main Node,,52.23589968556584,20.94871094292377
903,al. Wąska,Warsaw,RP,33,Main Node,,52.233808775488264,21.09767108747099
904,pl. Miłosza,Warsaw,RP,63,Main Node,,52.22538498712677,20.93691382633543
905,ul. Truskawkowa,Warsaw,RP,53,Main Node,,52.24419412283164,21.16407730718472
906,ulica Nałkowskiej,Warsaw,RP,493,Main Node,,52.25294058250535,20.955816971490606
907,aleja Opolska,Warsaw,RP,45,Main Node,,52.26242936965052,20.945107174549108
908,ul. Lotnicza,Warsaw,RP,21,Main Node,,52.26634393338448,20.981427389558
909,ul. Wojska Polskiego,Warsaw,RP,221,Main Node,,52.29444796724573,21.198087185500757
910,plac Mickiewicza,Warsaw,RP,8,Main Node,,52.21120968653975,20.90096228674795
911,al. Traugutta,Warsaw,RP,89,Main Node,,52.263715723181846,21.145866879018204
912,plac Cedrowa,Warsaw,RP,41,Main Node,,52.23124075097151,20.96565445177272
913,al. Jana Sobieskiego,Warsaw,RP,562,Main Node,,52.21213595800347,21.090036315010362
914,ul. Truskawkowa,Warsaw,RP,9,Main Node,,52.25908833294553,21.139080360319387
915,plac Poniatowskiego,Warsaw,RP,169,Main Node,,52.24044697178916,20.9660083377578
916,ul. Szmaragdowa,Warsaw,RP,87,Main Node,,52.22288810928156,21.057265483257975
917,pl. Wrocławska,Warsaw,RP,1,Main Node,,52.22660769458454,21.145344408528192
918,pl. Wiśniowa,Warsaw,RP,986,Main Node,,52.22687558717445,20.993454374041654
919,ulica Władysława Łokietka,Warsaw,RP,926,Main Node,,52.2364161237361,20.936766445145636
920,plac Strumykowa,Warsaw,RP,167,Main Node,,52.25972155407737,21.057866953632995
921,ulica Rolna,Warsaw,RP,91,Main Node,,52.21949827942894,21.134305811578916
922,al. Lawendowa,Warsaw,RP,87,Main Node,,52.285275724598506,21.02171898413553
923,ul. Jaśminowa,Warsaw,RP,519,Main Node,,52.224843652372165,20.94754921836703
924,al. Żeglarska,Warsaw,RP,79,Main Node,,52.239888976151114,20.940740804250463
925,ul. Bociania,Warsaw,RP,69,Main Node,,52.25235745855679,21.082133543517546
926,ulica Podleśna,Warsaw,RP,26,Main Node,,52.255531047506224,20.91662414452084
927,aleja Stroma,Warsaw,RP,40,Main Node,,52.29480762871872,21.082605627322003
928,al. Długosza,Warsaw,RP,18,Main Node,,52.25724578519485,21.076425696214887
929,aleja Wypoczynkowa,Warsaw,RP,854,Main Node,,52.20642062643982,21.075641361784605
930,pl. Piękna,Warsaw,RP,35,Main Node,,52.28348784699115,21.157055375912783
931,ul. Willowa,Warsaw,RP,61,Main Node,,52.21628993155839,20.92469503577388
932,al. Kosynierów,Warsaw,RP,42,Main Node,,52.299411868784624,21.079729789418153
933,aleja Zakole,Warsaw,RP,677,Main Node,,52.24352842537503,21.069820849921797
934,ul. Środkowa,Warsaw,RP,936,Main Node,,52.28994427892694,21.128406443976516
935,aleja Boczna,Warsaw,RP,91,Main Node,,52.22130109631375,21.157605157891155
936,ul. Miłosza,Warsaw,RP,36,Main Node,,52.28926258361143,21.124464136376176
937,plac Kilińskiego,Warsaw,RP,39,Main Node,,52.23499298578176,20.989948558536447
938,plac Szafirowa,Warsaw,RP,76,Main Node,,52.24894686673995,21.0926041927744
939,ulica Swierkowa,Warsaw,RP,464,Main Node,,52.21759185394756,20.907686323332744
940,pl. Myśliwska,Warsaw,RP,548,Main Node,,52.241934919466765,21.195229075246193
941,plac Podleśna,Warsaw,RP,570,Main Node,,52.23712699061077,21.184263340878886
942,plac Gajowa,Warsaw,RP,550,Main Node,,52.290758951240086,21.067212015749995
943,aleja Rózana,Warsaw,RP,57,Main Node,,52.2019204087427,20.90396665822837
944,ulica Jabłoniowa,Warsaw,RP,25,Main Node,,52.24837069778878,21.064216176918627
945,pl. Kraszewskiego,Warsaw,RP,18,Main Node,,52.23442363758739,20.929312436069644
946,aleja Powstańców Śląskich,Warsaw,RP,662,Main Node,,52.20100377660441,20.9202769717648
947,ul. Lwowska,Warsaw,RP,4,Main Node,,52.23685295989567,21.016067709208667
948,ulica Miłosza,Warsaw,RP,48,Main Node,,52.27332801830602,21.120095482532555
949,ul. Klasztorna,Warsaw,RP,72,Main Node,,52.238162650689176,21.006874305522377
950,plac Srebrna,Warsaw,RP,9,Main Node,,52.254584088348786,21.150033812211877
951,plac Słowackiego,Warsaw,RP,442,Main Node,,52.27651373621055,21.187585763441287
952,plac Turkusowa,Warsaw,RP,81,Main Node,,52.28703703688689,21.157763166539986
953,aleja Floriana,Warsaw,RP,80,Main Node,,52.2399531228662,20.956245441894417
954,pl. Sokola,Warsaw,RP,63,Main Node,,52.21607927375626,20.99573306368757
955,ulica Jaworowa,Warsaw,RP,83,Main Node,,52.213600555863415,21.02971202671642
956,al. Wiejska,Warsaw,RP,98,Main Node,,52.22683829436372,21.12208522478027
957,pl. Mokra,Warsaw,RP,396,Main Node,,52.25509415969151,21.06069818365842
958,aleja Nowowiejska,Warsaw,RP,71,Main Node,,52.28770435196907,21.112450481380574
959,al. Kusocińskiego,Warsaw,RP,65,Main Node,,52.295573736354555,21.175495829945618
960,ulica Krasickiego,Warsaw,RP,28,Main Node,,52.220713194748434,20.989018588076664
961,aleja Grunwaldzka,Warsaw,RP,94,Main Node,,52.29974641682763,21.074177134768462
962,ulica Morelowa,Warsaw,RP,40,Main Node,,52.289742193413026,21.132043184370282
963,aleja Krańcowa,Warsaw,RP,67,Main Node,,52.26675411339803,21.12252211050713
964,al. Makuszyńskiego,Warsaw,RP,13,Main Node,,52.233623410658225,21.032200697779796
965,aleja Sienkiewicza,Warsaw,RP,70,Main Node,,52.29344326488209,21.041816932411532
966,aleja Żwirowa,Warsaw,RP,25,Main Node,,52.24329652004855,20.971985523129337
967,al. Wyszyńskiego,Warsaw,RP,44,Main Node,,52.26258978728201,21.034499895048015
968,plac Kazimierza Wielkiego,Warsaw,RP,85,Main Node,,52.245346416171735,20.99339650148467
969,pl. Tartaczna,Warsaw,RP,997,Main Node,,52.245320027432655,21.051293770514853
970,al. Kalinowa,Warsaw,RP,824,Main Node,,52.256519294035265,20.966915311033453
971,ul. Kołłątaja,Warsaw,RP,74,Main Node,,52.295331649440804,20.96144112449127
972,ulica Sportowa,Warsaw,RP,54,Main Node,,52.23190070335828,21.033008156227034
973,al. Zwycięstwa,Warsaw,RP,82,Main Node,,52.29568659652079,21.099335727820314
974,ulica Skłodowskiej-Curie,Warsaw,RP,71,Main Node,,52.200436902301306,20.989369384261938
975,al. Jeżynowa,Warsaw,RP,175,Main Node,,52.272177009387015,21.11109262134709
976,aleja Kosynierów,Warsaw,RP,99,Main Node,,52.29531059748181,21.03872787838244
977,al. Dolna,Warsaw,RP,62,Main Node,,52.21391940800036,21.072837727763428
978,ulica Klasztorna,Warsaw,RP,32,Main Node,,52.22656083283713,20.953792782375594
979,ul. Malinowa,Warsaw,RP,72,Main Node,,52.20918545091335,21.071606916652886
980,ulica Srebrna,Warsaw,RP,22,Main Node,,52.29991688084669,21.141940490546954
981,al. Spokojna,Warsaw,RP,557,Main Node,,52.20968617989481,21.117393540107653
982,pl. Cicha,Warsaw,RP,41,Main Node,,52.25434411904248,21.04655969747891
983,plac Bema,Warsaw,RP,93,Main Node,,52.2004804413296,21.083326482333312
984,pl. Miła,Warsaw,RP,67,Main Node,,52.23465348835493,21.06978304443162
985,aleja Nowowiejska,Warsaw,RP,40,Main Node,,52.29685846917974,21.111887325343012
986,pl. Dąbrowskiej,Warsaw,RP,33,Main Node,,52.22638281074767,21.091839898687983
987,ul. Chełmońskiego,Warsaw,RP,1,Main Node,,52.24496721949932,21.06204789658089
988,ul. Słoneczna,Warsaw,RP,72,Main Node,,52.2815967311752,21.1916246606782
989,aleja Wyspiańskiego,Warsaw,RP,8,Main Node,,52.20734962875353,21.11093114672789
990,plac Zakątek,Warsaw,RP,27,Main Node,,52.26357488365153,21.03963781956144
991,ulica Jana Pawła II,Warsaw,RP,25,Main Node,,52.26017062586635,21.03493593469108
992,pl. Konopnickiej,Warsaw,RP,500,Main Node,,52.25172288381526,20.993032169605375
993,ul. Bociania,Warsaw,RP,89,Main Node,,52.241740233537215,20.990952799296828
994,pl. Jagiellońska,Warsaw,RP,92,Main Node,,52.29238145161748,21.01167332030495
995,pl. Konarskiego,Warsaw,RP,12,Main Node,,52.26174371725496,21.134318723761385
996,plac Kaliska,Warsaw,RP,765,Main Node,,52.261134800574474,20.968172127575972
997,ul. Widokowa,Warsaw,RP,91,Main Node,,52.21602824553074,21.179387144906343
998,ul. Jadwigi,Warsaw,RP,72,Main Node,,52.22819524518757,20.933584895929044
999,pl. Wieniawskiego,Warsaw,RP,98,Main Node,,52.21130687496947,21.181991215694875
1000,plac Północna,Warsaw,RP,90,Main Node,,52.26096148951544,21.027288351356052
